356	Forrest Gump	329	4.164133738601824	5.0	0.5	(Comedy,Drama,Romance,War)	1994
318	Shawshank Redemption, The	317	4.429022082018927	5.0	1.0	(Crime,Drama)	1994
296	Pulp Fiction	307	4.197068403908795	5.0	0.5	(Comedy,Crime,Drama,Thriller)	1994
593	Silence of the Lambs, The	279	4.161290322580645	5.0	0.5	(Crime,Horror,Thriller)	1991
2571	Matrix, The	278	4.192446043165468	5.0	0.5	(Action,Sci-Fi,Thriller)	1999
260	Star Wars: Episode IV - A New Hope	251	4.231075697211155	5.0	0.5	(Action,Adventure,Sci-Fi)	1977
480	Jurassic Park	238	3.75	5.0	0.5	(Action,Adventure,Sci-Fi,Thriller)	1993
110	Braveheart	237	4.031645569620253	5.0	0.5	(Action,Drama,War)	1995
589	Terminator 2: Judgment Day	224	3.970982142857143	5.0	0.5	(Action,Sci-Fi)	1991
527	Schindler's List	220	4.225	5.0	0.5	(Drama,War)	1993
2959	Fight Club	218	4.272935779816514	5.0	0.5	(Action,Crime,Drama,Thriller)	1999
1	Toy Story	215	3.9209302325581397	5.0	0.5	(Adventure,Animation,Children,Comedy,Fantasy)	1995
1196	Star Wars: Episode V - The Empire Strikes Back	211	4.2156398104265405	5.0	0.5	(Action,Adventure,Sci-Fi)	1980
2858	American Beauty	204	4.056372549019608	5.0	0.5	(Drama,Romance)	1999
50	Usual Suspects, The	204	4.237745098039215	5.0	1.0	(Crime,Mystery,Thriller)	1995
47	Seven (a.k.a. Se7en)	203	3.9753694581280787	5.0	0.5	(Mystery,Thriller)	1995
780	Independence Day (a.k.a. ID4)	202	3.4455445544554455	5.0	0.5	(Action,Adventure,Sci-Fi,Thriller)	1996
150	Apollo 13	201	3.845771144278607	5.0	1.0	(Adventure,Drama,IMAX)	1995
1198	Raiders of the Lost Ark (Indiana Jones and the Raiders of the Lost Ark)	200	4.2075	5.0	0.5	(Action,Adventure)	1981
4993	Lord of the Rings: The Fellowship of the Ring, The	198	4.106060606060606	5.0	0.5	(Adventure,Fantasy)	2001
1210	Star Wars: Episode VI - Return of the Jedi	196	4.137755102040816	5.0	1.0	(Action,Adventure,Sci-Fi)	1983
858	Godfather, The	192	4.2890625	5.0	1.0	(Crime,Drama)	1972
457	Fugitive, The	190	3.9921052631578946	5.0	0.5	(Thriller)	1993
592	Batman	189	3.4285714285714284	5.0	1.0	(Action,Crime,Thriller)	1989
5952	Lord of the Rings: The Two Towers, The	188	4.0212765957446805	5.0	0.5	(Adventure,Fantasy)	2002
2028	Saving Private Ryan	188	4.1462765957446805	5.0	0.5	(Action,Drama,War)	1998
7153	Lord of the Rings: The Return of the King, The	185	4.118918918918919	5.0	1.0	(Action,Adventure,Drama,Fantasy)	2003
588	Aladdin	183	3.7923497267759565	5.0	0.5	(Adventure,Animation,Children,Comedy,Musical)	1992
608	Fargo	181	4.116022099447513	5.0	2.0	(Comedy,Crime,Drama,Thriller)	1996
2762	Sixth Sense, The	179	3.893854748603352	5.0	0.5	(Drama,Horror,Mystery)	1999
380	True Lies	178	3.497191011235955	5.0	0.5	(Action,Adventure,Comedy,Romance,Thriller)	1994
32	Twelve Monkeys (a.k.a. 12 Monkeys)	177	3.983050847457627	5.0	1.0	(Mystery,Sci-Fi,Thriller)	1995
364	Lion King, The	172	3.941860465116279	5.0	1.0	(Adventure,Animation,Children,Drama,Musical,IMAX)	1994
1270	Back to the Future	171	4.038011695906433	5.0	1.0	(Adventure,Comedy,Sci-Fi)	1985
377	Speed	171	3.5292397660818713	5.0	0.5	(Action,Romance,Thriller)	1994
3578	Gladiator	170	3.9382352941176473	5.0	0.5	(Action,Adventure,Drama)	2000
4306	Shrek	170	3.8676470588235294	5.0	0.5	(Adventure,Animation,Children,Comedy,Fantasy,Romance)	2001
1580	Men in Black (a.k.a. MIB)	165	3.487878787878788	5.0	0.5	(Action,Comedy,Sci-Fi)	1997
590	Dances with Wolves	164	3.8353658536585367	5.0	1.0	(Adventure,Drama,Western)	1990
648	Mission: Impossible	162	3.537037037037037	5.0	0.5	(Action,Adventure,Mystery,Thriller)	1996
344	Ace Ventura: Pet Detective	161	3.040372670807453	5.0	0.5	(Comedy)	1994
4226	Memento	159	4.122641509433962	5.0	0.5	(Mystery,Thriller)	2000
367	Mask, The	157	3.1847133757961785	5.0	0.5	(Action,Comedy,Crime,Fantasy)	1994
58559	Dark Knight, The	149	4.238255033557047	5.0	2.0	(Action,Crime,Drama,IMAX)	2008
6539	Pirates of the Caribbean: The Curse of the Black Pearl	149	3.778523489932886	5.0	0.5	(Action,Adventure,Comedy,Fantasy)	2003
595	Beauty and the Beast	146	3.7705479452054793	5.0	2.0	(Animation,Children,Fantasy,Musical,Romance,IMAX)	1991
1214	Alien	146	3.969178082191781	5.0	0.5	(Horror,Sci-Fi)	1979
1036	Die Hard	145	3.8620689655172415	5.0	0.5	(Action,Crime,Thriller)	1988
165	Die Hard: With a Vengeance	144	3.5555555555555554	5.0	1.0	(Action,Crime,Thriller)	1995
500	Mrs. Doubtfire	144	3.388888888888889	5.0	0.5	(Comedy,Drama)	1993
1265	Groundhog Day	143	3.944055944055944	5.0	1.0	(Comedy,Fantasy,Romance)	1993
79132	Inception	143	4.066433566433567	5.0	0.5	(Action,Crime,Drama,Mystery,Sci-Fi,Thriller,IMAX)	2010
1197	Princess Bride, The	142	4.232394366197183	5.0	1.5	(Action,Adventure,Comedy,Fantasy,Romance)	1987
1704	Good Will Hunting	141	4.078014184397163	5.0	1.0	(Drama,Romance)	1997
6377	Finding Nemo	141	3.9609929078014185	5.0	0.5	(Adventure,Animation,Children,Comedy)	2003
2628	Star Wars: Episode I - The Phantom Menace	140	3.107142857142857	5.0	0.5	(Action,Adventure,Sci-Fi)	1999
1291	Indiana Jones and the Last Crusade	140	4.046428571428572	5.0	0.5	(Action,Adventure)	1989
316	Stargate	140	3.375	5.0	1.0	(Action,Adventure,Sci-Fi)	1994
1721	Titanic	140	3.414285714285714	5.0	0.5	(Drama,Romance)	1997
153	Batman Forever	137	2.9160583941605838	5.0	0.5	(Action,Adventure,Comedy,Crime)	1995
1136	Monty Python and the Holy Grail	136	4.161764705882353	5.0	0.5	(Adventure,Comedy,Fantasy)	1975
597	Pretty Woman	135	3.4851851851851854	5.0	0.5	(Comedy,Romance)	1990
1193	One Flew Over the Cuckoo's Nest	133	4.203007518796992	5.0	1.0	(Drama)	1975
293	Léon: The Professional (a.k.a. The Professional) (Léon)	133	4.018796992481203	5.0	1.0	(Action,Crime,Drama,Thriller)	1994
231	Dumb & Dumber (Dumb and Dumber)	133	3.0601503759398496	5.0	0.5	(Adventure,Comedy)	1994
3793	X-Men	133	3.699248120300752	5.0	0.5	(Action,Adventure,Sci-Fi)	2000
4886	Monsters, Inc.	132	3.871212121212121	5.0	0.5	(Adventure,Animation,Children,Comedy,Fantasy)	2001
10	GoldenEye	132	3.496212121212121	5.0	0.5	(Action,Adventure,Thriller)	1995
7361	Eternal Sunshine of the Spotless Mind	131	4.1603053435114505	5.0	0.5	(Drama,Romance,Sci-Fi)	2004
6874	Kill Bill: Vol. 1	131	3.9618320610687023	5.0	0.5	(Action,Crime,Thriller)	2003
1240	Terminator, The	131	3.8969465648854964	5.0	0.5	(Action,Sci-Fi,Thriller)	1984
1089	Reservoir Dogs	131	4.202290076335878	5.0	1.0	(Crime,Mystery,Thriller)	1992
2329	American History X	129	4.217054263565892	5.0	2.5	(Crime,Drama)	1998
1221	Godfather: Part II, The	129	4.25968992248062	5.0	1.0	(Crime,Drama)	1974
34	Babe	128	3.65234375	5.0	1.0	(Children,Drama)	1995
1213	Goodfellas	126	4.25	5.0	2.0	(Crime,Drama)	1990
1200	Aliens	126	3.9642857142857144	5.0	1.0	(Action,Adventure,Horror,Sci-Fi)	1986
1682	Truman Show, The	125	3.812	5.0	0.5	(Comedy,Drama,Sci-Fi)	1998
8961	Incredibles, The	125	3.836	5.0	0.5	(Action,Adventure,Animation,Children,Comedy)	2004
541	Blade Runner	124	4.100806451612903	5.0	0.5	(Action,Sci-Fi,Thriller)	1982
736	Twister	123	3.321138211382114	5.0	1.0	(Action,Adventure,Romance,Thriller)	1996
4995	Beautiful Mind, A	123	4.0	5.0	0.5	(Drama,Romance)	2001
5349	Spider-Man	122	3.540983606557377	5.0	0.5	(Action,Adventure,Sci-Fi,Thriller)	2002
1097	E.T. the Extra-Terrestrial	122	3.7663934426229506	5.0	0.5	(Children,Drama,Sci-Fi)	1982
733	Rock, The	121	3.6404958677685952	5.0	0.5	(Action,Adventure,Thriller)	1996
2683	Austin Powers: The Spy Who Shagged Me	121	3.1983471074380163	5.0	0.5	(Action,Adventure,Comedy)	1999
2716	Ghostbusters (a.k.a. Ghost Busters)	120	3.775	5.0	1.5	(Action,Comedy,Sci-Fi)	1984
4973	Amelie (Fabuleux destin d'Amélie Poulain, Le)	120	4.183333333333334	5.0	0.5	(Comedy,Romance)	2001
1206	Clockwork Orange, A	120	3.995833333333333	5.0	0.5	(Crime,Drama,Sci-Fi,Thriller)	1971
5445	Minority Report	120	3.6375	5.0	0.5	(Action,Crime,Mystery,Sci-Fi,Thriller)	2002
4963	Ocean's Eleven	119	3.8445378151260505	5.0	0.5	(Crime,Thriller)	2001
1073	Willy Wonka & the Chocolate Factory	119	3.8739495798319328	5.0	0.5	(Children,Comedy,Fantasy,Musical)	1971
586	Home Alone	116	2.9956896551724137	5.0	1.0	(Children,Comedy)	1990
1527	Fifth Element, The	116	3.7456896551724137	5.0	1.0	(Action,Adventure,Comedy,Sci-Fi)	1997
33794	Batman Begins	116	3.8620689655172415	5.0	1.0	(Action,Crime,IMAX)	2005
208	Waterworld	115	2.9130434782608696	5.0	0.5	(Action,Adventure,Sci-Fi)	1995
587	Ghost	115	3.4347826086956523	5.0	1.0	(Comedy,Drama,Fantasy,Romance,Thriller)	1990
5989	Catch Me If You Can	115	3.9217391304347826	5.0	2.0	(Crime,Drama)	2002
1968	Breakfast Club, The	113	3.7787610619469025	5.0	1.5	(Comedy,Drama)	1985
5418	Bourne Identity, The	112	3.8169642857142856	5.0	0.5	(Action,Mystery,Thriller)	2002
185	Net, The	112	3.0401785714285716	5.0	0.5	(Action,Crime,Thriller)	1995
3147	Green Mile, The	111	4.148648648648648	5.0	0.5	(Crime,Drama)	1999
3996	Crouching Tiger, Hidden Dragon (Wo hu cang long)	110	3.8363636363636364	5.0	0.5	(Action,Drama,Romance)	2000
2	Jumanji	110	3.4318181818181817	5.0	0.5	(Adventure,Children,Fantasy)	1995
7438	Kill Bill: Vol. 2	110	3.868181818181818	5.0	0.5	(Action,Drama,Thriller)	2004
349	Clear and Present Danger	110	3.6045454545454545	5.0	2.0	(Action,Crime,Drama,Thriller)	1994
4878	Donnie Darko	109	3.981651376146789	5.0	0.5	(Drama,Mystery,Sci-Fi,Thriller)	2001
253	Interview with the Vampire: The Vampire Chronicles	109	3.458715596330275	5.0	0.5	(Drama,Horror)	1994
2918	Ferris Bueller's Day Off	109	3.8394495412844036	5.0	1.0	(Comedy)	1986
1258	Shining, The	109	4.08256880733945	5.0	2.0	(Horror)	1980
924	2001: A Space Odyssey	109	3.8944954128440368	5.0	1.0	(Adventure,Drama,Sci-Fi)	1968
329	Star Trek: Generations	108	3.3935185185185186	5.0	1.0	(Adventure,Drama,Sci-Fi)	1994
2115	Indiana Jones and the Temple of Doom	108	3.638888888888889	5.0	1.0	(Action,Adventure,Fantasy)	1984
4896	Harry Potter and the Sorcerer's Stone (a.k.a. Harry Potter and the Philosopher's Stone)	107	3.7616822429906542	5.0	1.5	(Adventure,Children,Fantasy)	2001
48516	Departed, The	107	4.252336448598131	5.0	1.0	(Crime,Drama,Thriller)	2006
1208	Apocalypse Now	107	4.219626168224299	5.0	2.0	(Action,Drama,War)	1979
1732	Big Lebowski, The	106	3.9245283018867925	5.0	0.5	(Comedy,Crime)	1998
539	Sleepless in Seattle	106	3.4716981132075473	5.0	1.0	(Comedy,Drama,Romance)	1993
68954	Up	105	4.004761904761905	5.0	0.5	(Adventure,Animation,Children,Drama)	2009
1923	There's Something About Mary	105	3.676190476190476	5.0	1.0	(Comedy,Romance)	1998
60069	WALL·E	104	4.0576923076923075	5.0	0.5	(Adventure,Animation,Children,Romance,Sci-Fi)	2008
39	Clueless	104	3.293269230769231	5.0	0.5	(Comedy,Romance)	1995
223	Clerks	104	3.855769230769231	5.0	1.0	(Comedy)	1994
111	Taxi Driver	104	4.105769230769231	5.0	2.0	(Crime,Drama,Thriller)	1976
357	Four Weddings and a Funeral	103	3.5194174757281553	5.0	0.5	(Comedy,Romance)	1994
2706	American Pie	103	3.378640776699029	5.0	0.5	(Comedy,Romance)	1999
161	Crimson Tide	103	3.6359223300970873	5.0	1.0	(Drama,Thriller,War)	1995
5816	Harry Potter and the Chamber of Secrets	102	3.5980392156862746	5.0	0.5	(Adventure,Fantasy)	2002
1222	Full Metal Jacket	102	4.098039215686274	5.0	1.0	(Drama,War)	1987
6	Heat	102	3.946078431372549	5.0	1.0	(Action,Crime,Thriller)	1995
778	Trainspotting	102	4.03921568627451	5.0	0.5	(Comedy,Crime,Drama)	1996
292	Outbreak	101	3.4257425742574257	5.0	1.0	(Action,Drama,Sci-Fi,Thriller)	1995
434	Cliffhanger	101	3.0346534653465347	5.0	0.5	(Action,Adventure,Thriller)	1993
454	Firm, The	101	3.5346534653465347	5.0	1.0	(Drama,Thriller)	1993
4022	Cast Away	100	3.7	5.0	2.0	(Drama)	2000
1517	Austin Powers: International Man of Mystery	100	3.535	5.0	1.0	(Action,Adventure,Comedy)	1997
44191	V for Vendetta	100	3.885	5.0	0.5	(Action,Sci-Fi,Thriller,IMAX)	2006
912	Casablanca	100	4.24	5.0	0.5	(Drama,Romance)	1942
2997	Being John Malkovich	99	3.9545454545454546	5.0	0.5	(Comedy,Drama,Fantasy)	1999
104	Happy Gilmore	99	3.4393939393939394	5.0	0.5	(Comedy)	1996
339	While You Were Sleeping	98	3.4693877551020407	5.0	1.0	(Comedy,Romance)	1995
750	Dr. Strangelove or: How I Learned to Stop Worrying and Love the Bomb	97	4.268041237113402	5.0	1.0	(Comedy,War)	1964
72998	Avatar	97	3.6030927835051547	5.0	0.5	(Action,Adventure,Sci-Fi,IMAX)	2009
1617	L.A. Confidential	97	4.061855670103093	5.0	0.5	(Crime,Film-Noir,Mystery,Thriller)	1997
2987	Who Framed Roger Rabbit?	97	3.5721649484536084	5.0	0.5	(Adventure,Animation,Children,Comedy,Crime,Fantasy,Mystery)	1988
3114	Toy Story 2	97	3.8608247422680413	5.0	2.0	(Adventure,Animation,Children,Comedy,Fantasy)	1999
6365	Matrix Reloaded, The	96	3.3541666666666665	5.0	0.5	(Action,Adventure,Sci-Fi,Thriller,IMAX)	2003
1784	As Good as It Gets	96	3.6979166666666665	5.0	0.5	(Comedy,Drama,Romance)	1997
1961	Rain Man	96	3.8072916666666665	5.0	1.5	(Drama)	1988
3949	Requiem for a Dream	96	3.921875	5.0	0.5	(Drama)	2000
4027	O Brother, Where Art Thou?	94	3.8085106382978724	5.0	0.5	(Adventure,Comedy,Crime)	2000
2502	Office Space	94	4.090425531914893	5.0	1.5	(Comedy,Crime)	1999
59315	Iron Man	94	3.824468085106383	5.0	0.5	(Action,Adventure,Sci-Fi)	2008
8368	Harry Potter and the Prisoner of Azkaban	93	3.913978494623656	5.0	2.0	(Adventure,Fantasy,IMAX)	2004
4011	Snatch	93	4.155913978494624	5.0	1.0	(Comedy,Crime,Thriller)	2000
551	Nightmare Before Christmas, The	93	3.553763440860215	5.0	0.5	(Animation,Children,Fantasy,Musical)	1993
2396	Shakespeare in Love	92	3.777173913043478	5.0	0.5	(Comedy,Drama,Romance)	1998
5378	Star Wars: Episode II - Attack of the Clones	92	3.157608695652174	5.0	0.5	(Action,Adventure,Sci-Fi,IMAX)	2002
919	Wizard of Oz, The	92	3.880434782608696	5.0	1.0	(Adventure,Children,Fantasy,Musical)	1939
288	Natural Born Killers	92	3.233695652173913	5.0	1.0	(Action,Crime,Thriller)	1994
8360	Shrek 2	92	3.5760869565217392	5.0	0.5	(Adventure,Animation,Children,Comedy,Musical,Romance)	2004
2355	Bug's Life, A	92	3.516304347826087	5.0	0.5	(Adventure,Animation,Children,Comedy)	1998
1917	Armageddon	92	3.0543478260869565	5.0	0.5	(Action,Romance,Sci-Fi,Thriller)	1998
2174	Beetlejuice	91	3.4725274725274726	5.0	0.5	(Comedy,Fantasy)	1988
2797	Big	91	3.71978021978022	5.0	0.5	(Comedy,Drama,Fantasy,Romance)	1988
1387	Jaws	91	4.0054945054945055	5.0	1.0	(Action,Horror)	1975
3948	Meet the Parents	91	3.4175824175824174	5.0	1.0	(Comedy)	2000
1356	Star Trek: First Contact	91	3.879120879120879	5.0	0.5	(Action,Adventure,Sci-Fi,Thriller)	1996
1259	Stand by Me	91	4.0054945054945055	5.0	2.0	(Adventure,Drama)	1986
48780	Prestige, The	90	4.0055555555555555	5.0	1.5	(Drama,Mystery,Sci-Fi,Thriller)	2006
1610	Hunt for Red October, The	90	3.8722222222222222	5.0	0.5	(Action,Adventure,Thriller)	1990
1080	Monty Python's Life of Brian	89	3.9269662921348316	5.0	0.5	(Comedy)	1979
21	Get Shorty	89	3.49438202247191	5.0	1.0	(Comedy,Crime,Thriller)	1995
2012	Back to the Future Part III	88	3.3693181818181817	5.0	1.0	(Adventure,Comedy,Sci-Fi,Western)	1990
2324	Life Is Beautiful (La Vita è bella)	88	4.1477272727272725	5.0	0.5	(Comedy,Drama,Romance,War)	1997
68157	Inglourious Basterds	88	4.136363636363637	5.0	0.5	(Action,Drama,War)	2009
19	Ace Ventura: When Nature Calls	88	2.727272727272727	5.0	1.0	(Comedy)	1995
2916	Total Recall	88	3.653409090909091	5.0	1.5	(Action,Adventure,Sci-Fi,Thriller)	1990
2011	Back to the Future Part II	87	3.5057471264367814	5.0	1.0	(Adventure,Comedy,Sci-Fi)	1989
2617	Mummy, The	87	3.1206896551724137	5.0	0.5	(Action,Adventure,Comedy,Fantasy,Horror,Thriller)	1999
5618	Spirited Away (Sen to Chihiro no kamikakushi)	87	4.155172413793103	5.0	0.5	(Adventure,Animation,Fantasy)	2001
2791	Airplane!	87	3.8563218390804597	5.0	1.0	(Comedy)	1980
1391	Mars Attacks!	86	3.0930232558139537	5.0	0.5	(Action,Comedy,Sci-Fi)	1996
141	Birdcage, The	86	3.494186046511628	5.0	1.0	(Comedy)	1996
1246	Dead Poets Society	86	3.9593023255813953	5.0	1.0	(Drama)	1989
1653	Gattaca	86	3.953488372093023	5.0	2.0	(Drama,Sci-Fi,Thriller)	1997
1393	Jerry Maguire	85	3.5941176470588236	5.0	1.0	(Drama,Romance)	1996
5218	Ice Age	85	3.6882352941176473	5.0	1.0	(Adventure,Animation,Children,Comedy)	2002
1307	When Harry Met Sally...	85	3.8588235294117648	5.0	1.5	(Comedy,Romance)	1989
32587	Sin City	84	3.857142857142857	5.0	0.5	(Action,Crime,Film-Noir,Mystery,Thriller)	2005
1220	Blues Brothers, The	84	3.8095238095238093	5.0	1.0	(Action,Comedy,Musical)	1980
95	Broken Arrow	84	3.0238095238095237	5.0	1.0	(Action,Adventure,Thriller)	1996
904	Rear Window	84	4.261904761904762	5.0	1.0	(Mystery,Thriller)	1954
410	Addams Family Values	84	3.1011904761904763	5.0	1.0	(Children,Comedy,Fantasy)	1993
1101	Top Gun	83	3.3012048192771086	5.0	0.5	(Action,Romance)	1986
3897	Almost Famous	83	3.8674698795180724	5.0	1.5	(Drama)	2000
1219	Psycho	83	4.036144578313253	5.0	1.0	(Crime,Horror)	1960
16	Casino	82	3.926829268292683	5.0	1.0	(Crime,Drama)	1995
1584	Contact	82	3.652439024390244	5.0	0.5	(Drama,Sci-Fi)	1997
788	Nutty Professor, The	82	2.731707317073171	5.0	0.5	(Comedy,Fantasy,Romance,Sci-Fi)	1996
300	Quiz Show	81	3.5185185185185186	5.0	0.5	(Drama)	1994
317	Santa Clause, The	81	3.2037037037037037	5.0	0.5	(Comedy,Drama,Fantasy)	1994
54286	Bourne Ultimatum, The	81	3.697530864197531	5.0	0.5	(Action,Crime,Thriller)	2007
442	Demolition Man	81	3.0925925925925926	5.0	0.5	(Action,Adventure,Sci-Fi)	1993
48394	Pan's Labyrinth (Laberinto del fauno, El)	81	3.814814814814815	5.0	0.5	(Drama,Fantasy,Thriller)	2006
49272	Casino Royale	81	3.9444444444444446	5.0	1.5	(Action,Adventure,Thriller)	2006
1676	Starship Troopers	80	3.33125	5.0	0.5	(Action,Sci-Fi)	1997
2291	Edward Scissorhands	80	3.7	5.0	2.0	(Drama,Fantasy,Romance)	1990
51662	300	80	3.68125	5.0	0.5	(Action,Fantasy,War,IMAX)	2007
62	Mr. Holland's Opus	80	3.70625	5.0	1.0	(Drama)	1995
1247	Graduate, The	79	4.063291139240507	5.0	1.0	(Comedy,Drama,Romance)	1967
3052	Dogma	79	3.6455696202531644	5.0	1.0	(Adventure,Comedy,Fantasy)	1999
6934	Matrix Revolutions, The	79	3.151898734177215	5.0	0.5	(Action,Adventure,Sci-Fi,Thriller,IMAX)	2003
8636	Spider-Man 2	79	3.8037974683544302	5.0	1.0	(Action,Adventure,Sci-Fi,IMAX)	2004
33493	Star Wars: Episode III - Revenge of the Sith	78	3.4294871794871793	5.0	0.5	(Action,Adventure,Sci-Fi)	2005
3751	Chicken Run	78	3.551282051282051	5.0	1.0	(Animation,Children,Comedy)	2000
3623	Mission: Impossible II	77	2.7142857142857144	5.0	0.5	(Action,Adventure,Thriller)	2000
1625	Game, The	77	3.7012987012987013	5.0	0.5	(Drama,Mystery,Thriller)	1997
594	Snow White and the Seven Dwarfs	77	3.616883116883117	5.0	1.5	(Animation,Children,Drama,Fantasy,Musical)	1937
337	What's Eating Gilbert Grape	77	3.7662337662337664	5.0	0.5	(Drama)	1993
8874	Shaun of the Dead	77	4.0064935064935066	5.0	1.0	(Comedy,Horror)	2004
46578	Little Miss Sunshine	77	3.883116883116883	5.0	1.0	(Adventure,Comedy,Drama)	2006
1573	Face/Off	77	3.3701298701298703	5.0	0.5	(Action,Crime,Drama,Thriller)	1997
2700	South Park: Bigger, Longer and Uncut	76	3.861842105263158	5.0	0.5	(Animation,Comedy,Musical)	1999
69122	Hangover, The	76	3.6315789473684212	5.0	0.5	(Comedy,Crime)	2009
440	Dave	76	3.5460526315789473	5.0	2.0	(Comedy,Romance)	1993
6333	X2: X-Men United	76	3.723684210526316	5.0	0.5	(Action,Adventure,Sci-Fi,Thriller)	2003
1225	Amadeus	76	4.184210526315789	5.0	2.0	(Drama)	1984
91529	Dark Knight Rises, The	76	3.9934210526315788	5.0	0.5	(Action,Adventure,Crime,IMAX)	2012
25	Leaving Las Vegas	76	3.625	5.0	1.0	(Drama,Romance)	1995
2692	Run Lola Run (Lola rennt)	75	4.0	5.0	2.0	(Action,Crime)	1998
2000	Lethal Weapon	75	3.6733333333333333	5.0	1.5	(Action,Comedy,Crime,Drama)	1987
3481	High Fidelity	75	3.6666666666666665	5.0	0.5	(Comedy,Drama,Romance)	2000
8665	Bourne Supremacy, The	75	3.7866666666666666	5.0	0.5	(Action,Crime,Thriller)	2004
6016	City of God (Cidade de Deus)	75	4.1466666666666665	5.0	1.0	(Action,Adventure,Crime,Drama,Thriller)	2002
3175	Galaxy Quest	75	3.58	5.0	1.0	(Adventure,Comedy,Sci-Fi)	1999
6711	Lost in Translation	74	4.033783783783784	5.0	2.0	(Comedy,Drama,Romance)	2003
35836	40-Year-Old Virgin, The	74	3.5472972972972974	5.0	0.5	(Comedy,Romance)	2005
1485	Liar Liar	74	3.0337837837837838	5.0	0.5	(Comedy)	1997
368	Maverick	74	3.5	5.0	1.0	(Adventure,Comedy,Western)	1994
109487	Interstellar	73	3.993150684931507	5.0	0.5	(Sci-Fi,IMAX)	2014
3994	Unbreakable	73	3.4794520547945207	5.0	1.0	(Drama,Sci-Fi)	2000
45722	Pirates of the Caribbean: Dead Man's Chest	72	3.5069444444444446	5.0	1.0	(Action,Adventure,Fantasy)	2006
50872	Ratatouille	72	3.8680555555555554	5.0	1.5	(Animation,Children,Drama)	2007
3977	Charlie's Angels	72	2.7222222222222223	5.0	0.5	(Action,Comedy)	2000
1201	Good, the Bad and the Ugly, The (Buono, il brutto, il cattivo, Il)	72	4.145833333333333	5.0	1.0	(Action,Adventure,Western)	1966
6373	Bruce Almighty	71	3.316901408450704	5.0	1.5	(Comedy,Drama,Fantasy,Romance)	2003
99114	Django Unchained	71	3.943661971830986	5.0	1.0	(Action,Drama,Western)	2012
63082	Slumdog Millionaire	71	3.8098591549295775	5.0	0.5	(Crime,Drama,Romance)	2008
1028	Mary Poppins	71	3.887323943661972	5.0	0.5	(Children,Comedy,Fantasy,Musical)	1964
40815	Harry Potter and the Goblet of Fire	71	3.816901408450704	5.0	2.0	(Adventure,Fantasy,Thriller,IMAX)	2005
1079	Fish Called Wanda, A	71	3.9225352112676055	5.0	1.5	(Comedy,Crime)	1988
11	American President, The	70	3.6714285714285713	5.0	1.0	(Comedy,Drama,Romance)	1995
1407	Scream	70	3.2	5.0	0.5	(Comedy,Horror,Mystery,Thriller)	1996
235	Ed Wood	70	3.6785714285714284	5.0	1.0	(Comedy,Drama)	1994
4034	Traffic	70	3.9	5.0	1.0	(Crime,Drama,Thriller)	2000
474	In the Line of Fire	70	3.692857142857143	5.0	2.5	(Action,Thriller)	1993
3408	Erin Brockovich	70	3.5285714285714285	5.0	1.5	(Drama)	2000
2985	RoboCop	70	3.3714285714285714	5.0	0.5	(Action,Crime,Drama,Sci-Fi,Thriller)	1987
7147	Big Fish	69	3.8333333333333335	5.0	0.5	(Drama,Fantasy,Romance)	2003
1278	Young Frankenstein	69	3.9927536231884058	5.0	0.5	(Comedy,Fantasy)	1974
89745	Avengers, The	69	3.869565217391304	5.0	0.5	(Action,Adventure,Sci-Fi,IMAX)	2012
520	Robin Hood: Men in Tights	69	3.130434782608696	5.0	1.0	(Comedy)	1993
923	Citizen Kane	69	4.043478260869565	5.0	1.0	(Drama,Mystery)	1941
48	Pocahontas	68	3.1470588235294117	5.0	0.5	(Animation,Children,Drama,Musical,Romance)	1995
4979	Royal Tenenbaums, The	68	3.6838235294117645	5.0	1.0	(Comedy,Drama)	2001
2054	Honey, I Shrunk the Kids	68	2.7573529411764706	4.0	0.5	(Adventure,Children,Comedy,Fantasy,Sci-Fi)	1989
1380	Grease	68	3.139705882352941	5.0	0.5	(Comedy,Musical,Romance)	1978
3753	Patriot, The	68	3.448529411764706	5.0	0.5	(Action,Drama,War)	2000
266	Legends of the Fall	68	3.3970588235294117	5.0	0.5	(Drama,Romance,War,Western)	1994
1370	Die Hard 2	68	3.4044117647058822	5.0	1.0	(Action,Adventure,Thriller)	1990
4262	Scarface	67	3.9328358208955225	5.0	0.5	(Action,Crime,Drama)	1983
2353	Enemy of the State	67	3.4925373134328357	5.0	1.0	(Action,Thriller)	1998
2542	Lock, Stock & Two Smoking Barrels	67	4.052238805970149	5.0	1.0	(Comedy,Crime,Thriller)	1998
17	Sense and Sensibility	67	3.7761194029850746	5.0	0.5	(Drama,Romance)	1995
36	Dead Man Walking	67	3.8358208955223883	5.0	0.5	(Crime,Drama)	1995
1544	Lost World: Jurassic Park, The	67	2.753731343283582	5.0	1.0	(Action,Adventure,Sci-Fi,Thriller)	1997
2081	Little Mermaid, The	67	3.425373134328358	5.0	0.5	(Animation,Children,Comedy,Musical,Romance)	1989
74458	Shutter Island	67	4.022388059701493	5.0	0.5	(Drama,Mystery,Thriller)	2010
163	Desperado	66	3.5606060606060606	5.0	1.0	(Action,Romance,Western)	1995
508	Philadelphia	66	3.6136363636363638	5.0	1.0	(Drama)	1993
6863	School of Rock	66	3.4015151515151514	5.0	1.0	(Comedy,Musical)	2003
1288	This Is Spinal Tap	66	4.015151515151516	5.0	2.0	(Comedy)	1984
5481	Austin Powers in Goldmember	65	2.8461538461538463	5.0	0.5	(Comedy)	2002
70286	District 9	65	3.776923076923077	5.0	0.5	(Mystery,Sci-Fi,Thriller)	2009
4246	Bridget Jones's Diary	65	3.623076923076923	5.0	0.5	(Comedy,Drama,Romance)	2001
48385	Borat: Cultural Learnings of America for Make Benefit Glorious Nation of Kazakhstan	65	3.3461538461538463	5.0	0.5	(Comedy)	2006
653	Dragonheart	65	3.0923076923076924	5.0	0.5	(Action,Adventure,Fantasy)	1996
56367	Juno	65	3.769230769230769	5.0	0.5	(Comedy,Drama,Romance)	2007
2194	Untouchables, The	65	3.9384615384615387	5.0	2.0	(Action,Crime,Drama)	1987
553	Tombstone	65	3.8153846153846156	5.0	1.0	(Action,Drama,Western)	1993
555	True Romance	65	3.8	5.0	2.0	(Crime,Thriller)	1993
2710	Blair Witch Project, The	64	2.796875	5.0	0.5	(Drama,Horror,Thriller)	1999
353	Crow, The	64	3.609375	5.0	1.5	(Action,Crime,Fantasy,Thriller)	1994
786	Eraser	64	3.109375	5.0	0.5	(Action,Drama,Thriller)	1996
4025	Miss Congeniality	64	3.0546875	5.0	0.5	(Comedy,Crime)	2000
1954	Rocky	64	3.828125	5.0	0.5	(Drama)	1976
1035	Sound of Music, The	64	3.9375	5.0	2.0	(Musical,Romance)	1965
4447	Legally Blonde	64	3.15625	5.0	0.5	(Comedy,Romance)	2001
55820	No Country for Old Men	64	3.8984375	5.0	0.5	(Crime,Drama)	2007
48774	Children of Men	64	3.9453125	5.0	1.5	(Action,Adventure,Drama,Sci-Fi,Thriller)	2006
1234	Sting, The	64	3.9765625	5.0	0.5	(Comedy,Crime)	1973
1090	Platoon	63	3.984126984126984	5.0	1.0	(Drama,War)	1986
5502	Signs	63	3.1666666666666665	5.0	1.0	(Horror,Sci-Fi,Thriller)	2002
435	Coneheads	63	2.4206349206349205	5.0	0.5	(Comedy,Sci-Fi)	1993
2657	Rocky Horror Picture Show, The	63	3.3412698412698414	5.0	1.0	(Comedy,Horror,Musical,Sci-Fi)	1975
3671	Blazing Saddles	62	3.935483870967742	5.0	0.5	(Comedy,Western)	1974
173	Judge Dredd	62	2.6693548387096775	5.0	0.5	(Action,Crime,Sci-Fi)	1995
3081	Sleepy Hollow	62	3.475806451612903	5.0	0.5	(Fantasy,Horror,Mystery,Romance)	1999
56174	I Am Legend	62	3.4838709677419355	5.0	1.0	(Action,Horror,Sci-Fi,Thriller,IMAX)	2007
3421	Animal House	62	3.693548387096774	5.0	1.0	(Comedy)	1978
158	Casper	62	2.806451612903226	5.0	0.5	(Adventure,Children)	1995
1374	Star Trek II: The Wrath of Khan	62	3.7661290322580645	5.0	1.0	(Action,Adventure,Sci-Fi,Thriller)	1982
1304	Butch Cassidy and the Sundance Kid	62	3.943548387096774	5.0	1.0	(Action,Western)	1969
41566	Chronicles of Narnia: The Lion, the Witch and the Wardrobe, The	62	3.443548387096774	5.0	0.5	(Adventure,Children,Fantasy)	2005
7143	Last Samurai, The	62	3.903225806451613	5.0	2.0	(Action,Adventure,Drama,War)	2003
1127	Abyss, The	62	3.475806451612903	5.0	0.5	(Action,Adventure,Sci-Fi,Thriller)	1989
509	Piano, The	61	3.540983606557377	5.0	0.5	(Drama,Romance)	1993
552	Three Musketeers, The	61	3.262295081967213	5.0	1.5	(Action,Adventure,Comedy,Romance)	1993
2640	Superman	61	3.6065573770491803	5.0	1.0	(Action,Adventure,Sci-Fi)	1978
3527	Predator	61	3.581967213114754	5.0	1.0	(Action,Sci-Fi,Thriller)	1987
30793	Charlie and the Chocolate Factory	61	3.0	4.5	0.5	(Adventure,Children,Comedy,Fantasy,IMAX)	2005
2321	Pleasantville	61	3.4836065573770494	5.0	0.5	(Comedy,Drama,Fantasy)	1998
8644	I, Robot	61	3.4918032786885247	5.0	0.5	(Action,Adventure,Sci-Fi,Thriller)	2004
5459	Men in Black II (a.k.a. MIIB) (a.k.a. MIB 2)	61	2.959016393442623	4.5	1.5	(Action,Comedy,Sci-Fi)	2002
51255	Hot Fuzz	61	4.0	5.0	1.0	(Action,Comedy,Crime,Mystery)	2007
3253	Wayne's World	61	3.4754098360655736	5.0	0.5	(Comedy)	1992
3717	Gone in 60 Seconds	61	3.221311475409836	5.0	1.5	(Action,Crime)	2000
1377	Batman Returns	60	3.025	5.0	1.0	(Action,Crime)	1992
903	Vertigo	60	4.025	5.0	0.5	(Drama,Mystery,Romance,Thriller)	1958
466	Hot Shots! Part Deux	60	2.8666666666666667	5.0	0.5	(Action,Comedy,War)	1993
5299	My Big Fat Greek Wedding	60	3.2666666666666666	5.0	0.5	(Comedy,Romance)	2002
3471	Close Encounters of the Third Kind	60	3.7416666666666667	5.0	1.0	(Adventure,Drama,Sci-Fi)	1977
2006	Mask of Zorro, The	60	3.1	5.0	0.5	(Action,Comedy,Romance)	1998
596	Pinocchio	60	3.45	5.0	0.5	(Animation,Children,Fantasy,Musical)	1940
33679	Mr. & Mrs. Smith	59	3.2796610169491527	5.0	0.5	(Action,Adventure,Comedy,Romance)	2005
3535	American Psycho	59	3.788135593220339	5.0	1.0	(Crime,Horror,Mystery,Thriller)	2000
1552	Con Air	59	3.0338983050847457	5.0	0.5	(Action,Adventure,Thriller)	1997
1252	Chinatown	59	4.211864406779661	5.0	2.0	(Crime,Film-Noir,Mystery,Thriller)	1974
6378	Italian Job, The	59	3.6186440677966103	5.0	2.0	(Action,Crime)	2003
6942	Love Actually	59	3.788135593220339	5.0	0.5	(Comedy,Drama,Romance)	2003
1500	Grosse Pointe Blank	59	3.610169491525424	5.0	2.0	(Comedy,Crime,Romance)	1997
68358	Star Trek	59	3.864406779661017	5.0	0.5	(Action,Adventure,Sci-Fi,IMAX)	2009
112852	Guardians of the Galaxy	59	4.0508474576271185	5.0	1.0	(Action,Adventure,Sci-Fi)	2014
420	Beverly Hills Cop III	59	2.7203389830508473	5.0	0.5	(Action,Comedy,Crime,Thriller)	1994
2302	My Cousin Vinny	59	3.26271186440678	5.0	1.0	(Comedy)	1992
1199	Brazil	59	4.177966101694915	5.0	2.0	(Fantasy,Sci-Fi)	1985
3033	Spaceballs	59	3.483050847457627	5.0	1.0	(Comedy,Sci-Fi)	1987
953	It's a Wonderful Life	58	4.0344827586206895	5.0	0.5	(Children,Drama,Fantasy,Romance)	1946
6502	28 Days Later	58	3.9741379310344827	5.0	1.5	(Action,Horror,Sci-Fi)	2002
708	Truth About Cats & Dogs, The	58	3.3879310344827585	5.0	1.0	(Comedy,Romance)	1996
69844	Harry Potter and the Half-Blood Prince	58	3.8879310344827585	5.0	1.5	(Adventure,Fantasy,Mystery,Romance,IMAX)	2009
54001	Harry Potter and the Order of the Phoenix	58	3.8620689655172415	5.0	0.5	(Adventure,Drama,Fantasy,IMAX)	2007
370	Naked Gun 33 1/3: The Final Insult	58	3.060344827586207	5.0	0.5	(Action,Comedy)	1994
34162	Wedding Crashers	58	3.5086206896551726	5.0	1.5	(Comedy,Romance)	2005
1207	To Kill a Mockingbird	58	4.120689655172414	5.0	0.5	(Drama)	1962
1230	Annie Hall	58	3.8706896551724137	5.0	1.0	(Comedy,Romance)	1977
1394	Raising Arizona	58	3.9913793103448274	5.0	1.0	(Comedy)	1987
73017	Sherlock Holmes	58	3.853448275862069	5.0	2.0	(Action,Crime,Mystery,Thriller)	2009
2167	Blade	58	3.3620689655172415	5.0	1.0	(Action,Horror,Thriller)	1998
5669	Bowling for Columbine	58	3.7758620689655173	5.0	0.5	(Documentary)	2002
81845	King's Speech, The	58	4.043103448275862	5.0	2.5	(Drama)	2010
1608	Air Force One	58	3.3448275862068964	5.0	1.5	(Action,Thriller)	1997
2005	Goonies, The	57	3.5701754385964914	5.0	1.5	(Action,Adventure,Children,Comedy,Fantasy)	1985
160	Congo	57	2.8771929824561404	5.0	1.0	(Action,Adventure,Mystery,Sci-Fi)	1995
1276	Cool Hand Luke	57	4.271929824561403	5.0	2.5	(Drama)	1967
350	Client, The	57	3.3859649122807016	5.0	0.5	(Drama,Mystery,Thriller)	1994
908	North by Northwest	57	4.184210526315789	5.0	1.5	(Action,Adventure,Mystery,Romance,Thriller)	1959
80463	Social Network, The	57	3.8859649122807016	5.0	1.0	(Drama)	2010
2470	Crocodile Dundee	57	3.175438596491228	5.0	1.0	(Adventure,Comedy)	1986
2268	Few Good Men, A	57	3.789473684210526	5.0	1.0	(Crime,Drama,Thriller)	1992
1203	12 Angry Men	57	4.149122807017544	5.0	0.5	(Drama)	1957
8641	Anchorman: The Legend of Ron Burgundy	57	3.7719298245614037	5.0	1.5	(Comedy)	2004
53125	Pirates of the Caribbean: At World's End	56	3.4375	5.0	0.5	(Action,Adventure,Comedy,Fantasy)	2007
2395	Rushmore	56	3.544642857142857	5.0	1.0	(Comedy,Drama)	1998
2599	Election	56	3.6607142857142856	5.0	0.5	(Comedy)	1999
2671	Notting Hill	56	3.455357142857143	5.0	0.5	(Comedy,Romance)	1999
1641	Full Monty, The	56	3.7589285714285716	5.0	1.0	(Comedy,Drama)	1997
1777	Wedding Singer, The	56	3.419642857142857	5.0	0.5	(Comedy,Romance)	1998
2529	Planet of the Apes	56	3.8035714285714284	5.0	1.5	(Action,Drama,Sci-Fi)	1968
1148	Wallace & Gromit: The Wrong Trousers	56	4.035714285714286	5.0	0.5	(Animation,Children,Comedy,Crime)	1993
4370	A.I. Artificial Intelligence	56	3.3392857142857144	5.0	1.0	(Adventure,Drama,Sci-Fi)	2001
1302	Field of Dreams	56	3.517857142857143	5.0	0.5	(Children,Drama,Fantasy)	1989
432	City Slickers II: The Legend of Curly's Gold	55	2.6454545454545455	5.0	0.5	(Adventure,Comedy,Western)	1994
4720	Others, The	55	3.6272727272727274	5.0	0.5	(Drama,Horror,Mystery,Thriller)	2001
54503	Superbad	55	3.8636363636363638	5.0	1.0	(Comedy)	2007
4308	Moulin Rouge	55	3.590909090909091	5.0	0.5	(Drama,Musical,Romance)	2001
2080	Lady and the Tramp	55	3.4	5.0	0.5	(Animation,Children,Comedy,Romance)	1955
78499	Toy Story 3	55	4.109090909090909	5.0	2.0	(Adventure,Animation,Children,Comedy,Fantasy,IMAX)	2010
5956	Gangs of New York	55	3.518181818181818	5.0	0.5	(Crime,Drama)	2002
2804	Christmas Story, A	55	3.9727272727272727	5.0	1.0	(Children,Comedy)	1983
70	From Dusk Till Dawn	55	3.5090909090909093	5.0	1.0	(Action,Comedy,Horror,Thriller)	1996
2406	Romancing the Stone	54	3.4537037037037037	5.0	2.0	(Action,Adventure,Comedy,Romance)	1984
784	Cable Guy, The	54	2.8055555555555554	5.0	0.5	(Comedy,Thriller)	1996
168	First Knight	54	3.0833333333333335	5.0	0.5	(Action,Drama,Romance)	1995
4018	What Women Want	54	3.138888888888889	4.5	1.0	(Comedy,Romance)	2000
122904	Deadpool	54	3.8333333333333335	5.0	0.5	(Action,Adventure,Comedy,Sci-Fi)	2016
2572	10 Things I Hate About You	54	3.5277777777777777	5.0	0.5	(Comedy,Romance)	1999
106782	Wolf of Wall Street, The	54	3.9166666666666665	5.0	0.5	(Comedy,Crime,Drama)	2013
4816	Zoolander	54	3.509259259259259	5.0	0.5	(Comedy)	2001
91500	The Hunger Games	54	3.435185185185185	5.0	0.5	(Action,Adventure,Drama,Sci-Fi,Thriller)	2012
7	Sabrina	54	3.185185185185185	5.0	1.0	(Comedy,Romance)	1995
59784	Kung Fu Panda	54	3.4444444444444446	5.0	0.5	(Action,Animation,Children,Comedy,IMAX)	2008
71535	Zombieland	53	3.8773584905660377	5.0	1.0	(Action,Comedy,Horror)	2009
2078	Jungle Book, The	53	3.830188679245283	5.0	2.0	(Animation,Children,Comedy,Musical)	1967
76093	How to Train Your Dragon	53	3.943396226415094	5.0	2.0	(Adventure,Animation,Children,Fantasy,IMAX)	2010
2712	Eyes Wide Shut	53	3.4622641509433962	5.0	1.0	(Drama,Mystery,Thriller)	1999
2947	Goldfinger	53	3.839622641509434	5.0	2.0	(Action,Adventure,Thriller)	1964
2701	Wild Wild West	53	2.207547169811321	4.5	0.5	(Action,Comedy,Sci-Fi,Western)	1999
2699	Arachnophobia	53	2.811320754716981	5.0	0.5	(Comedy,Horror)	1990
1282	Fantasia	53	3.7830188679245285	5.0	1.0	(Animation,Children,Fantasy,Musical)	1940
673	Space Jam	53	2.707547169811321	5.0	0.5	(Adventure,Animation,Children,Comedy,Fantasy,Sci-Fi)	1996
172	Johnny Mnemonic	53	2.6792452830188678	5.0	0.5	(Action,Sci-Fi,Thriller)	1995
3489	Hook	53	3.358490566037736	5.0	1.0	(Adventure,Comedy,Fantasy)	1991
3911	Best in Show	53	3.688679245283019	5.0	0.5	(Comedy)	2000
485	Last Action Hero	53	2.9339622641509435	5.0	0.5	(Action,Adventure,Comedy,Fantasy)	1993
49530	Blood Diamond	53	3.7641509433962264	5.0	1.0	(Action,Adventure,Crime,Drama,Thriller,War)	2006
1997	Exorcist, The	53	3.80188679245283	5.0	1.0	(Horror,Mystery)	1973
3	Grumpier Old Men	52	3.2596153846153846	5.0	0.5	(Comedy,Romance)	1995
6870	Mystic River	52	3.7115384615384617	5.0	1.0	(Crime,Drama,Mystery)	2003
109374	Grand Budapest Hotel, The	52	3.7788461538461537	5.0	0.5	(Comedy,Drama)	2014
52973	Knocked Up	52	3.6538461538461537	5.0	2.0	(Comedy,Drama,Romance)	2007
1639	Chasing Amy	52	3.576923076923077	5.0	0.5	(Comedy,Drama,Romance)	1997
3160	Magnolia	52	3.7115384615384617	5.0	1.0	(Drama)	1999
45499	X-Men: The Last Stand	52	3.355769230769231	5.0	0.5	(Action,Sci-Fi,Thriller)	2006
225	Disclosure	52	3.5384615384615383	5.0	2.0	(Drama,Thriller)	1994
3552	Caddyshack	52	3.826923076923077	5.0	1.0	(Comedy)	1980
1466	Donnie Brasco	52	3.7403846153846154	5.0	2.0	(Crime,Drama)	1997
30707	Million Dollar Baby	52	3.8461538461538463	5.0	0.5	(Drama)	2004
4239	Blow	51	3.8137254901960786	5.0	1.5	(Crime,Drama)	2001
145	Bad Boys	51	3.2450980392156863	5.0	1.0	(Action,Comedy,Crime,Drama,Thriller)	1995
1215	Army of Darkness	51	4.03921568627451	5.0	2.0	(Action,Adventure,Comedy,Fantasy,Horror)	1993
1645	The Devil's Advocate	51	3.411764705882353	5.0	1.0	(Drama,Mystery,Thriller)	1997
2100	Splash	51	3.1176470588235294	5.0	0.5	(Comedy,Fantasy,Romance)	1984
4776	Training Day	51	3.7941176470588234	5.0	2.0	(Crime,Drama,Thriller)	2001
4848	Mulholland Drive	51	3.843137254901961	5.0	1.5	(Crime,Drama,Film-Noir,Mystery,Thriller)	2001
2105	Tron	50	3.34	5.0	2.0	(Action,Adventure,Sci-Fi)	1982
333	Tommy Boy	50	3.78	5.0	1.0	(Comedy)	1995
2424	You've Got Mail	50	3.12	5.0	0.5	(Comedy,Romance)	1998
910	Some Like It Hot	50	4.01	5.0	1.5	(Comedy,Crime)	1959
34048	War of the Worlds	50	3.15	5.0	1.0	(Action,Adventure,Sci-Fi,Thriller)	2005
116797	The Imitation Game	50	4.02	5.0	2.0	(Drama,Thriller,War)	2014
5010	Black Hawk Down	50	3.81	5.0	2.0	(Action,Drama,War)	2001
8361	Day After Tomorrow, The	50	3.05	4.5	1.0	(Action,Adventure,Drama,Sci-Fi,Thriller)	2004
34405	Serenity	50	3.94	5.0	0.5	(Action,Adventure,Sci-Fi)	2005
3785	Scary Movie	50	2.92	5.0	0.5	(Comedy,Horror)	2000
8464	Super Size Me	50	3.51	5.0	0.5	(Comedy,Documentary,Drama)	2004
88125	Harry Potter and the Deathly Hallows: Part 2	50	3.91	5.0	1.0	(Action,Adventure,Drama,Fantasy,Mystery,IMAX)	2011
33166	Crash	50	3.89	5.0	1.5	(Crime,Drama)	2004
96079	Skyfall	50	3.81	5.0	1.0	(Action,Adventure,Thriller,IMAX)	2012
5464	Road to Perdition	49	3.520408163265306	5.0	1.5	(Crime,Drama)	2002
216	Billy Madison	49	3.326530612244898	5.0	1.0	(Comedy)	1995
5	Father of the Bride Part II	49	3.0714285714285716	5.0	0.5	(Comedy)	1995
2144	Sixteen Candles	49	3.6020408163265305	5.0	1.5	(Comedy,Romance)	1984
45447	Da Vinci Code, The	49	3.122448979591837	4.0	0.5	(Drama,Mystery,Thriller)	2006
2641	Superman II	49	3.020408163265306	5.0	0.5	(Action,Sci-Fi)	1980
3176	Talented Mr. Ripley, The	49	3.336734693877551	5.0	0.5	(Drama,Mystery,Thriller)	1999
661	James and the Giant Peach	49	3.4489795918367347	5.0	1.0	(Adventure,Animation,Children,Fantasy,Musical)	1996
4643	Planet of the Apes	49	2.7448979591836733	5.0	0.5	(Action,Adventure,Drama,Sci-Fi)	2001
5991	Chicago	49	3.7244897959183674	5.0	1.5	(Comedy,Crime,Drama,Musical)	2002
1275	Highlander	48	3.7291666666666665	5.0	1.5	(Action,Adventure,Fantasy)	1986
1729	Jackie Brown	48	3.6979166666666665	5.0	2.0	(Crime,Drama,Thriller)	1997
8784	Garden State	48	3.7083333333333335	5.0	0.5	(Comedy,Drama,Romance)	2004
1748	Dark City	48	3.8229166666666665	5.0	1.0	(Adventure,Film-Noir,Sci-Fi,Thriller)	1998
2019	Seven Samurai (Shichinin no samurai)	48	4.1875	5.0	2.0	(Action,Adventure,Drama)	1954
2763	Thomas Crown Affair, The	48	3.6458333333333335	5.0	1.0	(Action,Mystery)	1999
134130	The Martian	48	4.0	5.0	2.5	(Adventure,Drama,Sci-Fi)	2015
186	Nine Months	48	2.8229166666666665	5.0	0.5	(Comedy,Romance)	1995
7458	Troy	48	3.4270833333333335	5.0	0.5	(Action,Adventure,Drama,War)	2004
30749	Hotel Rwanda	48	3.7916666666666665	5.0	0.5	(Drama,War)	2004
3000	Princess Mononoke (Mononoke-hime)	48	3.9583333333333335	5.0	0.5	(Action,Adventure,Animation,Drama,Fantasy)	1997
745	Wallace & Gromit: A Close Shave	48	3.8958333333333335	5.0	1.0	(Animation,Children,Comedy)	1995
2694	Big Daddy	48	3.1979166666666665	5.0	0.5	(Comedy)	1999
7293	50 First Dates	47	3.5531914893617023	5.0	0.5	(Comedy,Romance)	2004
81834	Harry Potter and the Deathly Hallows: Part 1	47	3.9893617021276597	5.0	1.5	(Action,Adventure,Fantasy,IMAX)	2010
899	Singin' in the Rain	47	4.074468085106383	5.0	0.5	(Comedy,Musical,Romance)	1952
77561	Iron Man 2	47	3.5106382978723403	5.0	0.5	(Action,Adventure,Sci-Fi,Thriller,IMAX)	2010
5679	Ring, The	47	3.202127659574468	4.5	0.5	(Horror,Mystery,Thriller)	2002
1367	101 Dalmatians	47	3.074468085106383	5.0	1.0	(Adventure,Children,Comedy)	1996
4014	Chocolat	47	3.521276595744681	5.0	1.0	(Drama,Romance)	2000
2539	Analyze This	47	3.095744680851064	5.0	1.0	(Comedy)	1999
122882	Mad Max: Fury Road	47	3.8191489361702127	5.0	2.0	(Action,Adventure,Sci-Fi,Thriller)	2015
1320	Alien³ (a.k.a. Alien 3)	47	3.148936170212766	5.0	0.5	(Action,Horror,Sci-Fi,Thriller)	1992
1994	Poltergeist	47	3.425531914893617	5.0	0.5	(Horror,Thriller)	1982
2717	Ghostbusters II	47	3.0	5.0	0.5	(Comedy,Fantasy,Sci-Fi)	1989
1921	Pi	47	3.851063829787234	5.0	1.0	(Drama,Sci-Fi,Thriller)	1998
1092	Basic Instinct	47	3.1914893617021276	5.0	1.0	(Crime,Mystery,Thriller)	1992
8529	Terminal, The	47	3.3191489361702127	5.0	0.5	(Comedy,Drama,Romance)	2004
2001	Lethal Weapon 2	47	3.1808510638297873	5.0	0.5	(Action,Comedy,Crime,Drama)	1989
783	Hunchback of Notre Dame, The	47	3.3297872340425534	5.0	0.5	(Animation,Children,Drama,Musical,Romance)	1996
1358	Sling Blade	47	3.8404255319148937	5.0	0.5	(Drama)	1996
2076	Blue Velvet	46	3.9456521739130435	5.0	1.0	(Drama,Mystery,Thriller)	1986
5995	Pianist, The	46	4.108695652173913	5.0	1.0	(Drama,War)	2002
112	Rumble in the Bronx (Hont faan kui)	46	3.5434782608695654	5.0	1.0	(Action,Adventure,Comedy,Crime)	1995
1884	Fear and Loathing in Las Vegas	46	3.967391304347826	5.0	2.0	(Adventure,Comedy,Drama)	1998
4085	Beverly Hills Cop	46	3.402173913043478	5.0	2.0	(Action,Comedy,Crime,Drama)	1984
47099	Pursuit of Happyness, The	46	3.7934782608695654	5.0	2.0	(Drama)	2006
7254	The Butterfly Effect	46	3.630434782608696	5.0	0.5	(Drama,Sci-Fi,Thriller)	2004
3752	Me, Myself & Irene	46	3.0869565217391304	5.0	1.0	(Adventure,Comedy)	2000
2002	Lethal Weapon 3	46	2.9347826086956523	5.0	0.5	(Action,Comedy,Crime,Drama)	1992
