fiveStarMovies::movieID	fiveStarMovies::avgRating	oldestFiveStars::movieID	oldestFiveStars::title	oldestFiveStars::year	oldestFiveStars::genre
8511	4.5	8511	Immigrant, The	1917	(Comedy)
3310	4.1	3310	Kid, The	1921	(Comedy,Drama)
71999	4.5	71999	Aelita: The Queen of Mars (Aelita)	1924	(Action,Adventure,Drama,Fantasy,Romance,Sci-Fi,Thriller)
3629	4.071428571428571	3629	Gold Rush, The	1925	(Adventure,Comedy,Romance)
44931	4.5	44931	Secrets of a Soul (Geheimnisse einer Seele)	1926	(Drama)
25769	4.5	25769	Steamboat Bill, Jr.	1928	(Comedy,Romance)
3306	4.125	3306	Circus, The	1928	(Comedy)
25771	4.5	25771	Andalusian Dog, An (Chien andalou, Un)	1929	(Fantasy)
7706	4.125	7706	Animal Crackers	1930	(Comedy,Musical)
1927	4.35	1927	All Quiet on the Western Front	1930	(Action,Drama,War)
7056	4.25	7056	Public Enemy, The	1931	(Action,Crime,Drama)
84512	5.0	84512	Girls About Town	1931	(Comedy)
48649	4.5	48649	Chapayev	1934	(Drama,War)
4278	4.166666666666667	4278	Triumph of the Will (Triumph des Willens)	1934	(Documentary)
25805	4.5	25805	Atalante, L'	1934	(Comedy,Drama,Romance)
905	4.321428571428571	905	It Happened One Night	1934	(Comedy,Romance)
3086	5.0	3086	Babes in Toyland	1934	(Children,Comedy,Fantasy,Musical)
67888	4.5	67888	Man on the Flying Trapeze	1935	(Comedy)
1931	4.166666666666667	1931	Mutiny on the Bounty	1935	(Adventure,Drama)
965	4.045454545454546	965	39 Steps, The	1935	(Drama,Mystery,Thriller)
945	4.071428571428571	945	Top Hat	1935	(Comedy,Musical,Romance)
7132	4.111111111111111	7132	Night at the Opera, A	1935	(Comedy,Musical,Romance)
6254	4.75	6254	Awful Truth, The	1937	(Comedy,Romance)
1066	4.5	1066	Shall We Dance	1937	(Comedy,Musical,Romance)
6515	4.5	6515	You Only Live Once	1937	(Crime,Film-Noir)
25841	4.166666666666667	25841	Stage Door	1937	(Drama)
954	4.083333333333333	954	Mr. Smith Goes to Washington	1939	(Drama)
951	4.392857142857143	951	His Girl Friday	1940	(Comedy,Romance)
928	4.166666666666667	928	Rebecca	1940	(Drama,Mystery,Romance,Thriller)
898	4.310344827586207	898	Philadelphia Story, The	1940	(Comedy,Drama,Romance)
3095	4.111111111111111	3095	Grapes of Wrath, The	1940	(Drama)
47736	5.0	47736	Chump at Oxford, A	1940	(Comedy)
83969	5.0	83969	Down Argentine Way	1940	(Comedy,Drama,Romance)
1281	4.133333333333334	1281	Great Dictator, The	1940	(Comedy,Drama,War)
913	4.170454545454546	913	Maltese Falcon, The	1941	(Film-Noir,Mystery)
7216	4.166666666666667	7216	High Sierra	1941	(Crime,Drama,Film-Noir,Thriller)
923	4.043478260869565	923	Citizen Kane	1941	(Drama,Mystery)
912	4.24	912	Casablanca	1942	(Drama,Romance)
25887	5.0	25887	Tales of Manhattan	1942	(Comedy,Drama)
2937	4.1	2937	Palm Beach Story, The	1942	(Comedy)
2203	4.142857142857143	2203	Shadow of a Doubt	1943	(Crime,Drama,Thriller)
7333	4.25	7333	Corbeau, Le (Raven, The)	1943	(Crime,Drama,Thriller)
7218	4.5	7218	Ox-Bow Incident, The	1943	(Drama,Western)
942	4.333333333333333	942	Laura	1944	(Crime,Film-Noir,Mystery)
25906	5.0	25906	Mr. Skeffington	1944	(Drama,Romance)
6983	5.0	6983	Jane Eyre	1944	(Drama,Romance)
3435	4.323529411764706	3435	Double Indemnity	1944	(Crime,Drama,Film-Noir)
918	4.1	918	Meet Me in St. Louis	1944	(Musical)
2202	4.357142857142857	2202	Lifeboat	1944	(Drama,War)
906	4.142857142857143	906	Gaslight	1944	(Drama,Thriller)
1337	4.5	1337	Body Snatcher, The	1945	(Drama,Horror,Thriller)
930	4.25	930	Notorious	1946	(Film-Noir,Romance,Thriller)
3792	5.0	3792	Duel in the Sun	1946	(Drama,Romance,Western)
1284	4.142857142857143	1284	Big Sleep, The	1946	(Crime,Film-Noir,Mystery)
1939	4.0625	1939	Best Years of Our Lives, The	1946	(Drama,War)
953	4.0344827586206895	953	It's a Wonderful Life	1946	(Children,Drama,Fantasy,Romance)
2398	4.0588235294117645	2398	Miracle on 34th Street	1947	(Comedy,Drama)
2066	4.125	2066	Out of the Past	1947	(Film-Noir)
84246	4.5	84246	It Happened on Fifth Avenue	1947	(Comedy,Romance)
3334	4.2	3334	Key Largo	1948	(Crime,Drama,Film-Noir,Thriller)
3089	4.125	3089	Bicycle Thieves (a.k.a. The Bicycle Thief) (a.k.a. The Bicycle Thieves) (Ladri di biciclette)	1948	(Drama)
25947	5.0	25947	Unfaithfully Yours	1948	(Comedy)
7121	4.75	7121	Adam's Rib	1949	(Comedy,Romance)
1942	4.25	1942	All the King's Men	1949	(Drama)
7212	4.25	7212	I Was a Male War Bride	1949	(Comedy,Romance)
4338	4.5	4338	Twelve O'Clock High	1949	(Drama,War)
1212	4.229166666666667	1212	Third Man, The	1949	(Film-Noir,Mystery,Thriller)
3341	4.285714285714286	3341	Born Yesterday	1950	(Comedy)
922	4.333333333333333	922	Sunset Blvd. (a.k.a. Sunset Boulevard)	1950	(Drama,Film-Noir,Romance)
926	4.229166666666667	926	All About Eve	1950	(Drama)
1104	4.475	1104	Streetcar Named Desire, A	1951	(Drama)
4813	5.0	4813	When Worlds Collide	1951	(Sci-Fi)
3475	4.5	3475	Place in the Sun, A	1951	(Drama,Romance)
3315	4.5	3315	Happy Go Lovely	1951	(Musical)
5603	4.5	5603	Lavender Hill Mob, The	1951	(Comedy,Crime)
5470	4.333333333333333	5470	The Importance of Being Earnest	1952	(Comedy,Romance)
1283	4.2105263157894735	1283	High Noon	1952	(Drama,Western)
6611	5.0	6611	Umberto D.	1952	(Drama)
899	4.074468085106383	899	Singin' in the Rain	1952	(Comedy,Musical,Romance)
4357	4.5	4357	How to Marry a Millionaire	1953	(Comedy,Drama,Romance)
916	4.0576923076923075	916	Roman Holiday	1953	(Comedy,Drama,Romance)
1086	4.1	1086	Dial M for Murder	1954	(Crime,Mystery,Thriller)
1945	4.1875	1945	On the Waterfront	1954	(Crime,Drama)
62208	4.5	62208	Sound of the Mountain (Thunder of the Mountain, The) (Yama no oto)	1954	(Drama)
2019	4.1875	2019	Seven Samurai (Shichinin no samurai)	1954	(Action,Adventure,Drama)
904	4.261904761904762	904	Rear Window	1954	(Mystery,Thriller)
3675	4.1875	3675	White Christmas	1954	(Comedy,Musical,Romance)
7234	4.25	7234	Strada, La	1954	(Drama)
4419	4.25	4419	All That Heaven Allows	1955	(Drama,Romance)
668	4.25	668	Song of the Little Road (Pather Panchali)	1955	(Drama)
26003	4.5	26003	Night and Fog (Nuit et brouillard)	1955	(Crime,Documentary,War)
7614	4.5	7614	Oklahoma!	1955	(Musical,Romance,Western)
1103	4.1	1103	Rebel Without a Cause	1955	(Drama)
933	4.217391304347826	933	To Catch a Thief	1955	(Crime,Mystery,Romance,Thriller)
4298	4.75	4298	Rififi (Du rififi chez les hommes)	1955	(Crime,Film-Noir,Thriller)
3678	5.0	3678	Man with the Golden Arm, The	1955	(Drama)
32469	4.5	32469	We're No Angels	1955	(Comedy,Crime,Drama)
4433	4.25	4433	Written on the Wind	1956	(Drama)
2565	4.166666666666667	2565	King and I, The	1956	(Drama,Musical,Romance)
3365	4.071428571428571	3365	Searchers, The	1956	(Drama,Western)
4429	4.5	4429	Moby Dick	1956	(Drama)
2726	4.055555555555555	2726	Killing, The	1956	(Crime,Film-Noir)
1250	4.122222222222222	1250	Bridge on the River Kwai, The	1957	(Adventure,Drama,War)
5468	5.0	5468	20 Million Miles to Earth	1957	(Sci-Fi)
3096	5.0	3096	My Man Godfrey	1957	(Comedy)
5008	4.388888888888889	5008	Witness for the Prosecution	1957	(Drama,Mystery,Thriller)
1237	4.222222222222222	1237	Seventh Seal, The (Sjunde inseglet, Det)	1957	(Drama)
1203	4.149122807017544	1203	12 Angry Men	1957	(Drama)
1178	4.541666666666667	1178	Paths of Glory	1957	(Drama,War)
4432	4.125	4432	Sweet Smell of Success	1957	(Drama,Film-Noir)
3038	4.2	3038	Face in the Crowd, A	1957	(Drama)
2351	4.285714285714286	2351	Nights of Cabiria (Notti di Cabiria, Le)	1957	(Drama)
971	4.1	971	Cat on a Hot Tin Roof	1958	(Drama)
71302	4.5	71302	Attack of the 50 Foot Woman	1958	(Comedy,Sci-Fi)
7925	4.25	7925	Hidden Fortress, The (Kakushi-toride no san-akunin)	1958	(Action,Adventure)
903	4.025	903	Vertigo	1958	(Drama,Mystery,Romance,Thriller)
7940	4.5	7940	The Magician	1958	(Drama)
1248	4.264705882352941	1248	Touch of Evil	1958	(Crime,Film-Noir,Thriller)
3153	4.4	3153	7th Voyage of Sinbad, The	1958	(Action,Adventure,Fantasy)
26048	4.5	26048	Human Condition II, The (Ningen no joken II)	1959	(Drama,War)
3379	4.5	3379	On the Beach	1959	(Drama)
910	4.01	910	Some Like It Hot	1959	(Comedy,Crime)
8484	4.5	8484	Human Condition I, The (Ningen no joken I)	1959	(Drama,War)
908	4.184210526315789	908	North by Northwest	1959	(Action,Adventure,Mystery,Romance,Thriller)
4942	4.5	4942	Angry Red Planet, The	1959	(Sci-Fi)
670	4.75	670	World of Apu, The (Apur Sansar)	1959	(Drama)
1219	4.036144578313253	1219	Psycho	1960	(Crime,Horror)
3469	4.083333333333333	3469	Inherit the Wind	1960	(Drama)
26059	4.5	26059	When a Woman Ascends the Stairs (Onna ga kaidan wo agaru toki)	1960	(Drama)
3330	4.25	3330	Splendor in the Grass	1961	(Drama,Romance)
3468	4.333333333333333	3468	Hustler, The	1961	(Drama)
8738	5.0	8738	Woman Is a Woman, A (femme est une femme, Une)	1961	(Comedy,Drama,Musical,Romance)
3030	4.230769230769231	3030	Yojimbo	1961	(Action,Adventure)
33564	4.5	33564	Divorce - Italian Style (Divorzio all'italiana)	1961	(Comedy)
26073	5.0	26073	Human Condition III, The (Ningen no joken III)	1961	(Drama,War)
2732	4.5	2732	Jules and Jim (Jules et Jim)	1961	(Drama,Romance)
133716	4.5	133716	Bootleggers	1961	(Comedy,Crime)
7939	4.5	7939	Through a Glass Darkly (Såsom i en spegel)	1961	(Drama)
147196	5.0	147196	The Girls	1961	(Comedy,Romance)
1267	4.25	1267	Manchurian Candidate, The	1962	(Crime,Thriller,War)
26082	4.5	26082	Harakiri (Seppuku)	1962	(Drama)
26078	5.0	26078	Advise and Consent	1962	(Drama)
8477	4.5	8477	Jetée, La	1962	(Romance,Sci-Fi)
6460	4.9	6460	Trial, The (Procès, Le)	1962	(Drama)
4406	4.4	4406	Man Who Shot Liberty Valance, The	1962	(Crime,Drama,Western)
3546	4.5	3546	What Ever Happened to Baby Jane?	1962	(Drama,Horror,Thriller)
1204	4.3	1204	Lawrence of Arabia	1962	(Adventure,Drama,War)
1207	4.120689655172414	1207	To Kill a Mockingbird	1962	(Drama)
2905	4.25	2905	Sanjuro (Tsubaki Sanjûrô)	1962	(Action,Adventure,Drama)
121338	4.5	121338	Carry on Cabby	1963	(Adventure,Comedy,Romance)
96084	4.5	96084	Hands Over the City (Le mani sulla città)	1963	(Drama)
74342	4.5	74342	Captain Newman, M.D.	1963	(Comedy,Drama,War)
8724	4.25	8724	Leopard, The (Gattopardo, Il)	1963	(Drama,War)
1251	4.071428571428571	1251	8 1/2 (8½)	1963	(Drama,Fantasy)
1262	4.127906976744186	1262	Great Escape, The	1963	(Action,Adventure,Drama,War)
42556	5.0	42556	7 Faces of Dr. Lao	1964	(Fantasy,Mystery,Western)
199	4.125	199	Umbrellas of Cherbourg, The (Parapluies de Cherbourg, Les)	1964	(Drama,Musical,Romance)
750	4.268041237113402	750	Dr. Strangelove or: How I Learned to Stop Worrying and Love the Bomb	1964	(Comedy,War)
914	4.042857142857143	914	My Fair Lady	1964	(Comedy,Drama,Musical,Romance)
3224	4.75	3224	Woman in the Dunes (Suna no onna)	1964	(Drama)
95843	5.0	95843	Goodbye Charlie	1964	(Comedy,Fantasy,Romance)
26116	4.5	26116	Hush... Hush, Sweet Charlotte	1964	(Horror,Thriller)
26122	4.5	26122	Onibaba	1964	(Drama,Horror,War)
680	4.125	680	Alphaville (Alphaville, une étrange aventure de Lemmy Caution)	1965	(Drama,Mystery,Romance,Sci-Fi,Thriller)
4402	5.0	4402	Dr. Goldfoot and the Bikini Machine	1965	(Comedy)
3073	5.0	3073	Sandpiper, The	1965	(Drama,Romance)
174551	5.0	174551	Obsession	1965	(Comedy)
3075	4.166666666666667	3075	Repulsion	1965	(Drama,Horror)
26147	5.0	26147	Thousand Clowns, A	1965	(Comedy,Drama,Romance)
2067	4.142857142857143	2067	Doctor Zhivago	1965	(Drama,Romance,War)
5498	4.5	5498	Red Beard (Akahige)	1965	(Drama)
172793	5.0	172793	Vovka in the Kingdom of Far Far Away	1965	(Adventure,Animation,Children,Fantasy)
3681	4.151515151515151	3681	For a Few Dollars More (Per qualche dollaro in più)	1965	(Action,Drama,Thriller,Western)
3653	4.166666666666667	3653	Endless Summer, The	1966	(Documentary)
7184	4.5	7184	This Property is Condemned	1966	(Drama,Romance)
32387	4.25	32387	Sword of Doom, The (Dai-bosatsu tôge)	1966	(Action,Drama)
1949	4.333333333333333	1949	Man for All Seasons, A	1966	(Drama)
2132	4.142857142857143	2132	Who's Afraid of Virginia Woolf?	1966	(Drama)
7122	5.0	7122	King of Hearts	1966	(Comedy,Drama,War)
41828	4.5	41828	Don't Look Now: We're Being Shot At (La grande vadrouille)	1966	(Comedy,War)
2969	5.0	2969	Man and a Woman, A (Un homme et une femme)	1966	(Drama,Romance)
4708	4.5	4708	Marat/Sade	1966	(Drama,Musical)
1201	4.145833333333333	1201	Good, the Bad and the Ugly, The (Buono, il brutto, il cattivo, Il)	1966	(Action,Adventure,Western)
26131	4.3	26131	Battle of Algiers, The (La battaglia di Algeri)	1966	(Drama,War)
1950	4.181818181818182	1950	In the Heat of the Night	1967	(Drama,Mystery)
3451	4.545454545454546	3451	Guess Who's Coming to Dinner	1967	(Drama)
1276	4.271929824561403	1276	Cool Hand Luke	1967	(Drama)
26169	5.0	26169	Branded to Kill (Koroshi no rakuin)	1967	(Action,Crime,Drama)
107412	4.5	107412	Kidnapping, Caucasian Style (Kavkazskaya plennitsa)	1967	(Comedy,Romance)
3296	4.071428571428571	3296	To Sir with Love	1967	(Drama)
1247	4.063291139240507	1247	Graduate, The	1967	(Comedy,Drama,Romance)
7888	4.25	7888	How to Succeed in Business Without Really Trying	1967	(Comedy,Musical)
142020	5.0	142020	Oscar	1967	(Comedy)
1084	4.071428571428571	1084	Bonnie and Clyde	1967	(Crime,Drama)
26183	4.25	26183	Asterix and Cleopatra (Astérix et Cléopâtre)	1968	(Action,Adventure,Animation,Children,Comedy)
3507	4.066666666666666	3507	Odd Couple, The	1968	(Comedy)
2160	4.171875	2160	Rosemary's Baby	1968	(Drama,Horror,Thriller)
1209	4.305555555555555	1209	Once Upon a Time in the West (C'era una volta il West)	1968	(Action,Drama,Western)
8405	4.5	8405	Hour of the Wolf (Vargtimmen)	1968	(Drama,Horror)
172825	4.5	172825	Adventures of Mowgli: The Kidnapping	1968	(Adventure,Animation,Children)
78620	4.5	78620	Scalphunters, The	1968	(Comedy,Western)
166183	5.0	166183	Junior and Karlson	1968	(Adventure,Animation,Children)
46855	4.5	46855	Army of Shadows (L'armée des ombres)	1969	(Action,Drama,Thriller,War)
163072	5.0	163072	Winnie Pooh	1969	(Animation,Children)
26150	4.5	26150	Andrei Rublev (Andrey Rublyov)	1969	(Drama,War)
131104	4.5	131104	The Brain	1969	(Comedy,Crime)
159811	5.0	159811	The Bremen Town Musicians	1969	(Animation,Drama,Fantasy)
175293	5.0	175293	Gena the Crocodile	1969	(Animation,Children)
3836	4.133333333333334	3836	Kelly's Heroes	1970	(Action,Comedy,War)
3201	4.5	3201	Five Easy Pieces	1970	(Drama)
2925	4.1	2925	Conformist, The (Conformista, Il)	1970	(Drama)
1272	4.121212121212121	1272	Patton	1970	(Drama,War)
172585	5.0	172585	Karlson Returns	1970	(Adventure,Animation,Children)
26225	4.5	26225	Claire's Knee (Genou de Claire, Le)	1970	(Comedy,Romance)
3037	4.145833333333333	3037	Little Big Man	1970	(Western)
2984	4.5	2984	On Any Sunday	1971	(Documentary)
160527	4.5	160527	Sympathy for the Underdog	1971	(Action,Crime,Drama)
163112	5.0	163112	Winnie the Pooh Goes Visiting	1971	(Animation)
8238	5.0	8238	Little Murders	1971	(Comedy,Crime)
3152	4.5	3152	Last Picture Show, The	1971	(Drama)
1419	4.25	1419	Walkabout	1971	(Adventure,Drama)
152105	4.5	152105	Dad's Army	1971	(Comedy)
141844	4.5	141844	12 Chairs	1971	(Adventure,Comedy)
2788	4.053571428571429	2788	Monty Python's And Now for Something Completely Different	1971	(Comedy)
32511	4.5	32511	Touch of Zen, A (Xia nu)	1971	(Action,Adventure)
1235	4.288461538461538	1235	Harold and Maude	1971	(Comedy,Drama,Romance)
1964	4.083333333333333	1964	Klute	1971	(Drama,Mystery)
172909	5.0	172909	Cheburashka	1971	(Animation)
136850	5.0	136850	Villain	1971	(Crime,Drama,Thriller)
3503	4.090909090909091	3503	Solaris (Solyaris)	1972	(Drama,Mystery,Sci-Fi)
26265	4.5	26265	Dr. Phibes Rises Again	1972	(Adventure,Comedy,Horror,Romance)
74727	4.75	74727	Gentlemen of Fortune (Dzhentlmeny udachi)	1972	(Comedy,Crime,Drama,Mystery)
5155	4.5	5155	Big Bird Cage, The	1972	(Action)
5120	4.166666666666667	5120	Sleuth	1972	(Comedy,Mystery,Thriller)
6533	4.5	6533	What's Up, Doc?	1972	(Comedy)
163386	5.0	163386	Winnie the Pooh and the Day of Concern	1972	(Animation)
128087	5.0	128087	Trinity and Sartana Are Coming	1972	(Comedy,Western)
4444	4.166666666666667	4444	Way of the Dragon, The (a.k.a. Return of the Dragon) (Meng long guo jiang)	1972	(Action,Crime)
3074	4.25	3074	Jeremiah Johnson	1972	(Western)
6666	4.3	6666	Discreet Charm of the Bourgeoisie, The (Charme discret de la bourgeoisie, Le)	1972	(Comedy,Drama,Fantasy)
858	4.2890625	858	Godfather, The	1972	(Crime,Drama)
7008	4.5	7008	Last Tango in Paris (Ultimo tango a Parigi)	1972	(Drama,Romance)
3741	4.090909090909091	3741	Badlands	1973	(Crime,Drama,Thriller)
84799	4.5	84799	Asphyx, The	1973	(Horror,Sci-Fi)
102666	4.5	102666	Ivan Vasilievich: Back to the Future (Ivan Vasilievich menyaet professiyu)	1973	(Adventure,Comedy)
8207	4.083333333333333	8207	Day of the Jackal, The	1973	(Crime,Thriller)
3655	4.25	3655	Blow-Out (La grande bouffe)	1973	(Drama)
7482	4.038461538461538	7482	Enter the Dragon	1973	(Action,Crime)
2511	4.666666666666667	2511	Long Goodbye, The	1973	(Crime,Film-Noir)
26326	4.5	26326	Holy Mountain, The (Montaña sagrada, La)	1973	(Drama)
2921	4.181818181818182	2921	High Plains Drifter	1973	(Western)
175387	5.0	175387	On the Trail of the Bremen Town Musicians	1973	(Adventure,Animation,Children)
107408	4.5	107408	Only Old Men Are Going to Battle (V boy idut odni stariki)	1973	(Comedy,Drama,War)
6051	4.166666666666667	6051	Harder They Come, The	1973	(Action,Crime,Drama)
3200	4.25	3200	Last Detail, The	1973	(Comedy,Drama)
1252	4.211864406779661	1252	Chinatown	1974	(Crime,Film-Noir,Mystery,Thriller)
4789	4.333333333333333	4789	Phantom of the Paradise	1974	(Comedy,Fantasy,Horror,Musical,Thriller)
7071	5.0	7071	Woman Under the Influence, A	1974	(Drama)
3384	4.5	3384	Taking of Pelham One Two Three, The	1974	(Action,Crime)
5088	5.0	5088	Going Places (Valseuses, Les)	1974	(Comedy,Crime,Drama)
8838	4.166666666666667	8838	Alice Doesn't Live Here Anymore	1974	(Drama,Romance)
6408	5.0	6408	Animals are Beautiful People	1974	(Comedy,Documentary)
3730	4.205882352941177	3730	Conversation, The	1974	(Drama,Mystery)
1221	4.25968992248062	1221	Godfather: Part II, The	1974	(Crime,Drama)
2239	4.666666666666667	2239	Swept Away (Travolti da un insolito destino nell'azzurro mare d'Agosto)	1975	(Comedy,Drama)
7899	4.5	7899	Master of the Flying Guillotine (Du bi quan wang da po xue di zi)	1975	(Action)
3470	4.3	3470	Dersu Uzala	1975	(Adventure,Drama)
1136	4.161764705882353	1136	Monty Python and the Holy Grail	1975	(Adventure,Comedy,Fantasy)
126090	4.5	126090	Hedgehog in the Fog	1975	(Animation)
1193	4.203007518796992	1193	One Flew Over the Cuckoo's Nest	1975	(Drama)
26350	5.0	26350	Passenger, The (Professione: reporter)	1975	(Drama)
1387	4.0054945054945055	1387	Jaws	1975	(Action,Horror)
1303	4.029411764705882	1303	Man Who Would Be King, The	1975	(Adventure,Drama)
141836	4.5	141836	It Can't Be!	1975	(Comedy)
3814	4.222222222222222	3814	Love and Death	1975	(Comedy)
3415	4.166666666666667	3415	Mirror, The (Zerkalo)	1975	(Drama)
6184	4.25	6184	Man Who Fell to Earth, The	1976	(Drama,Sci-Fi)
111	4.105769230769231	111	Taxi Driver	1976	(Crime,Drama,Thriller)
141816	5.0	141816	12 Chairs	1976	(Adventure,Comedy)
6530	4.25	6530	Tenant, The (Locataire, Le)	1976	(Drama,Horror,Mystery,Thriller)
5490	5.0	5490	The Big Bus	1976	(Action,Comedy)
6787	4.018518518518518	6787	All the President's Men	1976	(Drama,Thriller)
26366	5.0	26366	Harlan County U.S.A.	1976	(Documentary)
26359	4.5	26359	1900 (Novecento)	1976	(Drama,War)
3473	5.0	3473	Jonah Who Will Be 25 in the Year 2000 (Jonas qui aura 25 ans en l'an 2000)	1976	(Comedy)
3504	4.0227272727272725	3504	Network	1976	(Comedy,Drama)
3508	4.25	3508	Outlaw Josey Wales, The	1976	(Action,Adventure,Drama,Thriller,Western)
102338	4.5	102338	Shaolin Temple (Shao Lin si)	1976	(Action,Adventure,Drama)
495	5.0	495	In the Realm of the Senses (Ai no corrida)	1976	(Drama)
5965	4.166666666666667	5965	Duellists, The	1977	(Action,War)
6021	5.0	6021	American Friend, The (Amerikanische Freund, Der)	1977	(Crime,Drama,Mystery,Thriller)
175431	5.0	175431	Bobik Visiting Barbos	1977	(Animation,Comedy)
8261	4.166666666666667	8261	3 Women (Three Women)	1977	(Drama)
260	4.231075697211155	260	Star Wars: Episode IV - A New Hope	1977	(Action,Adventure,Sci-Fi)
5385	4.5	5385	Last Waltz, The	1978	(Documentary)
2924	4.05	2924	Drunken Master (Jui kuen)	1978	(Action,Comedy)
2138	4.05	2138	Watership Down	1978	(Adventure,Animation,Children,Drama,Fantasy)
2131	4.625	2131	Autumn Sonata (Höstsonaten)	1978	(Drama)
4441	4.166666666666667	4441	Game of Death	1978	(Action)
184245	5.0	184245	De platte jungle	1978	(Documentary)
86237	5.0	86237	Connections	1978	(Documentary)
141818	4.5	141818	Ordinary Miracle	1978	(Comedy,Drama,Fantasy,Romance)
3813	4.166666666666667	3813	Interiors	1978	(Drama)
151769	5.0	151769	Three from Prostokvashino	1978	(Animation)
4788	5.0	4788	Moscow Does Not Believe in Tears (Moskva slezam ne verit)	1979	(Drama,Romance)
147330	5.0	147330	Sherlock Holmes and Dr. Watson: Acquaintance	1979	(Crime)
31522	5.0	31522	Marriage of Maria Braun, The (Ehe der Maria Braun, Die)	1979	(Drama)
6665	4.5	6665	Dracula	1979	(Horror,Romance)
3359	4.090909090909091	3359	Breaking Away	1979	(Comedy,Drama)
147328	5.0	147328	The Adventures of Sherlock Holmes and Dr. Watson: Bloody Signature	1979	(Crime)
134252	4.5	134252	That Munchhausen	1979	(Comedy,Drama,Fantasy)
2971	4.083333333333333	2971	All That Jazz	1979	(Drama,Fantasy,Musical)
1244	4.106060606060606	1244	Manhattan	1979	(Comedy,Drama,Romance)
26401	5.0	26401	Last Hurrah for Chivalry (Hao xia)	1979	(Action,Drama)
136359	5.0	136359	Scooby-Doo Goes Hollywood	1979	(Animation,Children,Comedy)
172637	5.0	172637	Priklyucheniya Kapitana Vrungelya	1979	(Action,Adventure,Animation,Comedy)
1208	4.219626168224299	1208	Apocalypse Now	1979	(Action,Drama,War)
4826	4.25	4826	Big Red One, The	1980	(Action,Adventure,Drama,War)
147326	5.0	147326	The Adventures of Sherlock Holmes and Doctor Watson: King of Blackmailers	1980	(Crime,Mystery)
6835	5.0	6835	Alien Contamination	1980	(Action,Horror,Sci-Fi)
4956	4.5	4956	Stunt Man, The	1980	(Action,Adventure,Comedy,Drama,Romance,Thriller)
2313	4.029411764705882	2313	Elephant Man, The	1980	(Drama)
134326	4.5	134326	The Taming of the Scoundrel	1980	(Comedy)
3091	4.125	3091	Kagemusha	1980	(Drama,War)
173535	4.5	173535	The Adventures of Sherlock Holmes and Doctor Watson: The Hunt for the Tiger	1980	((no genres listed))
5241	5.0	5241	Seems Like Old Times	1980	(Comedy,Romance)
1258	4.08256880733945	1258	Shining, The	1980	(Horror)
1228	4.1875	1228	Raging Bull	1980	(Drama)
5244	5.0	5244	Shogun Assassin	1980	(Action,Adventure)
1196	4.2156398104265405	1196	Star Wars: Episode V - The Empire Strikes Back	1980	(Action,Adventure,Sci-Fi)
172587	5.0	172587	Vacations in Prostokvashino	1980	(Animation)
5181	4.5	5181	Hangar 18	1980	(Action,Sci-Fi,Thriller)
140038	4.5	140038	Madly in Love	1981	(Comedy)
5746	5.0	5746	Galaxy of Terror (Quest)	1981	(Action,Horror,Mystery,Sci-Fi)
5745	5.0	5745	Four Seasons, The	1981	(Comedy,Drama)
5723	5.0	5723	Continental Divide	1981	(Comedy,Romance)
1233	4.2125	1233	Boot, Das (Boat, The)	1981	(Action,Drama,War)
1957	4.038461538461538	1957	Chariots of Fire	1981	(Drama)
2075	5.0	2075	Mephisto	1981	(Drama,War)
115727	5.0	115727	Crippled Avengers (Can que) (Return of the 5 Deadly Venoms)	1981	(Action,Adventure)
1198	4.2075	1198	Raiders of the Lost Ark (Indiana Jones and the Raiders of the Lost Ark)	1981	(Action,Adventure)
104780	5.0	104780	Mystery of the Third Planet, The (Tayna tretey planety)	1981	(Adventure,Animation,Sci-Fi)
3703	4.0375	3703	Road Warrior, The (Mad Max 2)	1981	(Action,Adventure,Sci-Fi,Thriller)
5915	4.75	5915	Victory (a.k.a. Escape to Victory)	1981	(Action,Drama,War)
5912	4.5	5912	Hit the Bank (Vabank)	1981	(Comedy,Crime)
5867	4.5	5867	Thief	1981	(Crime,Drama,Thriller)
5849	4.5	5849	I'm Starting From Three (Ricomincio da Tre)	1981	(Comedy)
5772	4.75	5772	My Dinner with André	1981	(Drama)
5764	4.5	5764	Looker	1981	(Drama,Horror,Sci-Fi,Thriller)
5747	4.285714285714286	5747	Gallipoli	1981	(Drama,War)
170597	5.0	170597	A Plasticine Crow	1981	(Animation)
5039	4.083333333333333	5039	Dragonslayer	1981	(Action,Adventure,Fantasy)
175435	4.5	175435	The Magic Ring	1982	(Animation,Fantasy)
5919	4.5	5919	Android	1982	(Sci-Fi)
5938	4.5	5938	Deathtrap	1982	(Comedy,Crime,Mystery,Thriller)
3592	4.5	3592	Time Masters (Maîtres du temps, Les)	1982	(Animation,Sci-Fi)
1150	4.333333333333333	1150	Return of Martin Guerre, The (Retour de Martin Guerre, Le)	1982	(Drama)
6086	5.0	6086	I, the Jury	1982	(Crime,Drama,Thriller)
3068	4.357142857142857	3068	Verdict, The	1982	(Drama,Mystery)
6104	4.166666666666667	6104	Monty Python Live at the Hollywood Bowl	1982	(Comedy)
1096	4.05	1096	Sophie's Choice	1982	(Drama)
170777	5.0	170777	There Once Was a Dog	1982	(Animation,Children,Comedy)
5288	4.5	5288	Atomic Cafe, The	1982	(Documentary,War)
541	4.100806451612903	541	Blade Runner	1982	(Action,Sci-Fi,Thriller)
27176	4.5	27176	Style Wars	1983	(Documentary)
1238	4.055555555555555	1238	Local Hero	1983	(Comedy)
26471	4.375	26471	Eddie Murphy Delirious	1983	(Comedy,Documentary)
2512	5.0	2512	Ballad of Narayama, The (Narayama bushiko)	1983	(Drama)
172577	5.0	172577	Last Year's Snow Was Falling	1983	(Animation,Children,Comedy,Fantasy)
6001	4.071428571428571	6001	King of Comedy, The	1983	(Comedy,Drama)
173355	5.0	173355	Travels of an Ant	1983	(Animation)
3347	4.166666666666667	3347	Never Cry Wolf	1983	(Adventure,Drama)
173351	5.0	173351	Wow! A Talking Fish!	1983	(Animation,Children,Comedy,Fantasy)
1210	4.137755102040816	1210	Star Wars: Episode VI - Return of the Jedi	1983	(Action,Adventure,Sci-Fi)
6969	4.5	6969	Dernier Combat, Le (Last Battle, The)	1983	(Drama,Sci-Fi)
4809	4.166666666666667	4809	Silkwood	1983	(Drama)
147286	5.0	147286	The Adventures of Sherlock Holmes and Doctor Watson: The Treasures of Agra	1983	(Crime,Mystery)
73822	5.0	73822	Meantime	1984	(Comedy,Drama)
1288	4.015151515151516	1288	This Is Spinal Tap	1984	(Comedy)
1299	4.017857142857143	1299	Killing Fields, The	1984	(Drama,War)
1227	4.0625	1227	Once Upon a Time in America	1984	(Crime,Drama)
1225	4.184210526315789	1225	Amadeus	1984	(Drama)
26524	4.5	26524	Times of Harvey Milk, The	1984	(Documentary)
145994	5.0	145994	Formula of Love	1984	(Comedy)
3111	4.25	3111	Places in the Heart	1984	(Drama)
175397	5.0	175397	In the blue sea, in the white foam.	1984	(Animation,Children,Fantasy)
7983	4.2	7983	Broadway Danny Rose	1984	(Comedy)
5500	4.2	5500	Top Secret!	1984	(Comedy)
5889	5.0	5889	Cruel Romance, A (Zhestokij Romans)	1984	(Drama,Romance)
172589	5.0	172589	Winter in Prostokvashino	1984	(Animation)
26528	4.5	26528	Anne of Green Gables	1985	(Children,Drama)
3637	5.0	3637	Vagabond (Sans toit ni loi)	1985	(Drama)
77688	4.5	77688	Three Men and a Cradle (3 hommes et un couffin)	1985	(Comedy)
6818	5.0	6818	Come and See (Idi i smotri)	1985	(Drama,War)
6345	4.666666666666667	6345	Chorus Line, A	1985	(Comedy,Drama,Musical)
7615	4.5	7615	Desert Hearts	1985	(Drama)
1199	4.177966101694915	1199	Brazil	1985	(Fantasy,Sci-Fi)
1217	4.433333333333334	1217	Ran	1985	(Drama,War)
26554	4.25	26554	Quiet Earth, The	1985	(Drama,Mystery,Sci-Fi)
130978	5.0	130978	Love and Pigeons	1985	(Comedy,Romance)
1270	4.038011695906433	1270	Back to the Future	1985	(Adventure,Comedy,Sci-Fi)
26547	4.25	26547	Police Story (Ging chaat goo si)	1985	(Action,Comedy,Crime,Thriller)
1300	4.166666666666667	1300	My Life as a Dog (Mitt liv som hund)	1985	(Comedy,Drama)
2069	4.25	2069	Trip to Bountiful, The	1985	(Drama)
7815	5.0	7815	True Stories	1986	(Comedy,Musical)
163925	5.0	163925	Wings, Legs and Tails	1986	(Animation,Comedy)
4407	4.5	4407	Salvador	1986	(Drama,Thriller,War)
4180	5.0	4180	Reform School Girls	1986	(Action,Drama)
3941	5.0	3941	Sorority House Massacre	1986	(Horror)
172583	5.0	172583	Investigation Held by Kolobki	1986	(Animation)
1131	4.090909090909091	1131	Jean de Florette	1986	(Drama,Mystery)
1132	4.0625	1132	Manon of the Spring (Manon des sources)	1986	(Drama)
147300	5.0	147300	Adventures Of Sherlock Holmes And Dr. Watson: The Twentieth Century Approaches	1986	(Crime,Mystery)
6201	5.0	6201	Lady Jane	1986	(Drama,Romance)
173619	5.0	173619	Fugitives	1986	(Comedy,Crime)
6350	4.0625	6350	Laputa: Castle in the Sky (Tenkû no shiro Rapyuta)	1986	(Action,Adventure,Animation,Children,Fantasy,Sci-Fi)
26578	4.166666666666667	26578	Sacrifice, The (Offret - Sacraficatio)	1986	(Drama)
131610	5.0	131610	Willy/Milly	1986	(Comedy,Fantasy)
1349	5.0	1349	Vampire in Venice (Nosferatu a Venezia) (Nosferatu in Venice)	1986	(Horror)
1273	4.045454545454546	1273	Down by Law	1986	(Comedy,Drama,Film-Noir)
1259	4.0054945054945055	1259	Stand by Me	1986	(Adventure,Drama)
3727	4.3125	3727	Near Dark	1987	(Horror,Western)
3939	5.0	3939	Slumber Party Massacre II	1987	(Horror)
6791	4.4	6791	Babette's Feast (Babettes gæstebud)	1987	(Drama)
4079	4.25	4079	Amazon Women on the Moon	1987	(Comedy,Sci-Fi)
4116	5.0	4116	Hollywood Shuffle	1987	(Comedy)
4117	4.333333333333333	4117	Hope and Glory	1987	(Drama)
32657	4.25	32657	Man Who Planted Trees, The (Homme qui plantait des arbres, L')	1987	(Animation,Drama)
74282	4.75	74282	Anne of Green Gables: The Sequel (a.k.a. Anne of Avonlea)	1987	(Children,Drama,Romance)
1261	4.044117647058823	1261	Evil Dead II (Dead by Dawn)	1987	(Action,Comedy,Fantasy,Horror)
26603	4.5	26603	Prince of Darkness	1987	(Fantasy,Horror,Sci-Fi,Thriller)
4135	5.0	4135	Monster Squad, The	1987	(Adventure,Comedy,Horror)
2972	5.0	2972	Red Sorghum (Hong gao liang)	1987	(Drama,War)
26606	4.25	26606	Chinese Ghost Story, A (Sinnui yauwan)	1987	(Action,Fantasy,Horror,Romance)
3090	4.166666666666667	3090	Matewan	1987	(Drama)
1222	4.098039215686274	1222	Full Metal Jacket	1987	(Drama,War)
5404	4.5	5404	84 Charing Cross Road	1987	(Drama,Romance)
1197	4.232394366197183	1197	Princess Bride, The	1987	(Action,Adventure,Comedy,Fantasy,Romance)
8128	4.1	8128	Au revoir les enfants	1987	(Drama)
3673	4.5	3673	Benji the Hunted	1987	(Adventure,Children)
4499	4.125	4499	Dirty Rotten Scoundrels	1988	(Comedy)
138835	5.0	138835	Return to Treasure Island	1988	(Adventure,Animation,Comedy)
38159	4.5	38159	Short Film About Love, A (Krótki film o milosci)	1988	(Drama,Romance)
3496	5.0	3496	Madame Sousatzka	1988	(Drama)
3687	5.0	3687	Light Years (Gandahar)	1988	(Adventure,Animation,Fantasy,Sci-Fi)
4393	4.5	4393	Another Woman	1988	(Drama)
4495	5.0	4495	Crossing Delancey	1988	(Comedy,Romance)
4537	4.333333333333333	4537	Running on Empty	1988	(Drama)
5690	4.15625	5690	Grave of the Fireflies (Hotaru no haka)	1988	(Animation,Drama,War)
8804	5.0	8804	Story of Women (Affaire de femmes, Une)	1988	(Drama)
183317	4.5	183317	Patti Rocks	1988	(Comedy,Drama)
140133	5.0	140133	Hollywood Chainsaw Hookers	1988	(Comedy,Horror)
72104	4.5	72104	Balance	1989	(Animation,Drama,Mystery,Sci-Fi,Thriller)
1242	4.170731707317073	1242	Glory	1989	(Drama,War)
26587	5.0	26587	Decalogue, The (Dekalog)	1989	(Crime,Drama,Romance)
1223	4.089285714285714	1223	Grand Day Out with Wallace and Gromit, A	1989	(Adventure,Animation,Children,Comedy,Sci-Fi)
1291	4.046428571428572	1291	Indiana Jones and the Last Crusade	1989	(Action,Adventure)
34450	4.5	34450	Miracles - Mr. Canton and Lady Rose	1989	(Action,Comedy,Crime,Drama)
4612	4.5	4612	Jesus of Montreal (Jésus de Montréal)	1989	(Drama)
2931	4.166666666666667	2931	Time of the Gypsies (Dom za vesanje)	1989	(Comedy,Crime,Drama,Fantasy)
3019	4.15	3019	Drugstore Cowboy	1989	(Crime,Drama)
69524	4.333333333333333	69524	Raiders of the Lost Ark: The Adaptation	1989	(Action,Adventure,Thriller)
26662	4.0588235294117645	26662	Kiki's Delivery Service (Majo no takkyûbin)	1989	(Adventure,Animation,Children,Drama,Fantasy)
1172	4.161764705882353	1172	Cinema Paradiso (Nuovo cinema Paradiso)	1989	(Drama)
3424	4.037037037037037	3424	Do the Right Thing	1989	(Drama)
3429	4.25	3429	Creature Comforts	1989	(Animation,Comedy)
3942	5.0	3942	Sorority House Massacre II	1990	(Horror)
3940	5.0	3940	Slumber Party Massacre III	1990	(Horror)
26713	4.5	26713	Days of Being Wild (A Fei jingjyuhn)	1990	(Drama,Romance)
100906	5.0	100906	Maniac Cop 2	1990	(Action,Horror,Thriller)
1245	4.225	1245	Miller's Crossing	1990	(Crime,Drama,Film-Noir,Thriller)
1249	4.071428571428571	1249	Femme Nikita, La (Nikita)	1990	(Action,Crime,Romance,Thriller)
6270	4.333333333333333	6270	Akira Kurosawa's Dreams (Dreams)	1990	(Drama,Fantasy)
6235	4.333333333333333	6235	Europa Europa (Hitlerjunge Salomon)	1990	(Drama,War)
1236	4.333333333333333	1236	Trust	1990	(Comedy,Drama,Romance)
5657	4.5	5657	Flashback	1990	(Action,Adventure,Comedy,Crime,Drama)
1277	4.125	1277	Cyrano de Bergerac	1990	(Comedy,Drama,Romance)
1213	4.25	1213	Goodfellas	1990	(Crime,Drama)
40491	5.0	40491	Match Factory Girl, The (Tulitikkutehtaan tyttö)	1990	(Comedy,Drama)
1192	4.5	1192	Paris Is Burning	1990	(Documentary)
3531	5.0	3531	All the Vermeers in New York	1990	(Comedy,Drama,Romance)
593	4.161290322580645	593	Silence of the Lambs, The	1991	(Crime,Horror,Thriller)
6440	4.035714285714286	6440	Barton Fink	1991	(Drama,Thriller)
6027	4.166666666666667	6027	Dogfight	1991	(Drama,Romance)
5637	4.5	5637	Flirting	1991	(Drama)
5279	4.25	5279	Impromptu	1991	(Comedy,Romance)
158398	5.0	158398	World of Glory	1991	(Comedy)
8580	5.0	8580	Into the Woods	1991	(Adventure,Comedy,Fantasy,Musical)
1611	4.1	1611	My Own Private Idaho	1991	(Drama,Romance)
26736	4.5	26736	Riki-Oh: The Story of Ricky (Lik Wong)	1991	(Action,Crime,Thriller)
1280	4.333333333333333	1280	Raise the Red Lantern (Da hong deng long gao gao gua)	1991	(Drama)
1279	4.125	1279	Night on Earth	1991	(Comedy,Drama)
7037	4.5	7037	High Heels (Tacones lejanos)	1991	(Comedy,Drama)
506	4.5	506	Orlando	1992	(Drama,Fantasy,Romance)
6442	5.0	6442	Belle époque	1992	(Comedy,Romance)
172591	4.75	172591	The Godfather Trilogy: 1972-1990	1992	((no genres listed))
1266	4.111111111111111	1266	Unforgiven	1992	(Drama,Western)
1241	4.05	1241	Dead Alive (Braindead)	1992	(Comedy,Fantasy,Horror)
6612	4.25	6612	Brother's Keeper	1992	(Documentary)
74226	5.0	74226	Dream of Light (a.k.a. Quince Tree Sun, The) (Sol del membrillo, El)	1992	(Documentary,Drama)
1089	4.202290076335878	1089	Reservoir Dogs	1992	(Crime,Mystery,Thriller)
3266	4.5	3266	Man Bites Dog (C'est arrivé près de chez vous)	1992	(Comedy,Crime,Drama,Thriller)
140265	5.0	140265	George Carlin: Jammin' in New York	1992	(Comedy)
3677	4.125	3677	Baraka	1992	(Documentary)
3246	4.166666666666667	3246	Malcolm X	1992	(Drama)
8132	4.333333333333333	8132	Gladiator	1992	(Action,Drama)
2943	4.166666666666667	2943	Indochine	1992	(Drama,Romance)
8582	4.25	8582	Manufacturing Consent: Noam Chomsky and the Media	1992	(Documentary,War)
718	4.125	718	Visitors, The (Visiteurs, Les)	1993	(Comedy,Fantasy,Sci-Fi)
159069	4.5	159069	Comedy of the Strict Regime	1993	(Comedy)
876	5.0	876	Supercop 2 (Project S) (Chao ji ji hua)	1993	(Action,Comedy,Crime,Thriller)
1215	4.03921568627451	1215	Army of Darkness	1993	(Action,Adventure,Comedy,Fantasy,Horror)
157108	4.5	157108	Texas - Doc Snyder hält die Welt in Atem	1993	(Comedy,Western)
527	4.225	527	Schindler's List	1993	(Drama,War)
760	4.25	760	Stalingrad	1993	(Drama,War)
549	4.5	549	Thirty-Two Short Films About Glenn Gould	1993	(Drama,Musical)
26810	4.833333333333333	26810	Bad Boy Bubby	1993	(Drama)
26840	5.0	26840	Sonatine (Sonachine)	1993	(Action,Comedy,Crime,Drama)
8254	4.25	8254	Arizona Dream	1993	(Comedy,Drama,Fantasy,Romance)
284	4.5	284	New York Cop (Nyû Yôku no koppu)	1993	(Action,Crime)
7023	4.5	7023	Wedding Banquet, The (Xi yan)	1993	(Comedy,Drama,Romance)
8268	4.25	8268	Point of No Return	1993	(Action,Thriller)
1148	4.035714285714286	1148	Wallace & Gromit: The Wrong Trousers	1993	(Animation,Children,Comedy,Crime)
475	4.3	475	In the Name of the Father	1993	(Drama)
3213	4.115384615384615	3213	Batman: Mask of the Phantasm	1993	(Animation,Children)
1437	4.25	1437	Cement Garden, The	1993	(Drama)
102217	5.0	102217	Bill Hicks: Revelations	1993	(Comedy)
334	4.2	334	Vanya on 42nd Street	1994	(Drama)
318	4.429022082018927	318	Shawshank Redemption, The	1994	(Crime,Drama)
308	4.025	308	Three Colors: White (Trzy kolory: Bialy)	1994	(Comedy,Drama)
306	4.21875	306	Three Colors: Red (Trois couleurs: Rouge)	1994	(Drama)
296	4.197068403908795	296	Pulp Fiction	1994	(Comedy,Crime,Drama,Thriller)
293	4.018796992481203	293	Léon: The Professional (a.k.a. The Professional) (Léon)	1994	(Action,Crime,Drama,Thriller)
290	4.035714285714286	290	Once Were Warriors	1994	(Crime,Drama)
246	4.293103448275862	246	Hoop Dreams	1994	(Documentary)
157110	4.5	157110	00 Schneider - Jagd auf Nihil Baxter	1994	(Comedy,Crime)
3972	4.125	3972	Legend of Drunken Master, The (Jui kuen II)	1994	(Action,Comedy)
1151	5.0	1151	Lesson Faust	1994	(Animation,Comedy,Drama,Fantasy)
53	5.0	53	Lamerica	1994	(Adventure,Drama)
126088	5.0	126088	A Flintstones Christmas Carol	1994	(Animation,Children,Comedy)
58	4.027027027027027	58	Postman, The (Postino, Il)	1994	(Comedy,Drama,Romance)
496	5.0	496	What Happened Was...	1994	(Comedy,Drama,Romance,Thriller)
26849	5.0	26849	Stand, The	1994	(Adventure,Drama,Fantasy,Horror,Sci-Fi)
32456	4.25	32456	Pom Poko (a.k.a. Raccoon War, The) (Heisei tanuki gassen pompoko)	1994	(Animation,Comedy,Drama,Fantasy)
162	4.205882352941177	162	Crumb	1994	(Documentary)
123	4.375	123	Chungking Express (Chung Hing sam lam)	1994	(Drama,Mystery,Romance)
391	4.5	391	Jason's Lyric	1994	(Crime,Drama)
389	4.5	389	Colonel Chabert, Le	1994	(Drama,Romance,War)
356	4.164133738601824	356	Forrest Gump	1994	(Comedy,Drama,Romance,War)
28	4.2272727272727275	28	Persuasion	1995	(Drama,Romance)
96608	5.0	96608	Runaway Brain	1995	(Animation,Comedy,Sci-Fi)
3046	4.5	3046	Incredibly True Adventure of Two Girls in Love, The	1995	(Comedy,Romance)
1406	4.5	1406	La Cérémonie	1995	(Crime,Drama,Mystery,Thriller)
741	4.148148148148148	741	Ghost in the Shell (Kôkaku kidôtai)	1995	(Animation,Sci-Fi)
665	4.333333333333333	665	Underground	1995	(Comedy,Drama,War)
633	5.0	633	Denise Calls Up	1995	(Comedy)
467	5.0	467	Live Nude Girls	1995	(Comedy)
280	4.076923076923077	280	Murder in the First	1995	(Drama,Thriller)
215	4.041666666666667	215	Before Sunrise	1995	(Drama,Romance)
187	4.125	187	Party Girl	1995	(Comedy)
176	4.3076923076923075	176	Living in Oblivion	1995	(Comedy)
148	5.0	148	Awfully Big Adventure, An	1995	(Drama)
110	4.031645569620253	110	Braveheart	1995	(Action,Drama,War)
99	5.0	99	Heidi Fleiss: Hollywood Madam	1995	(Documentary)
50	4.237745098039215	50	Usual Suspects, The	1995	(Crime,Mystery,Thriller)
40	4.25	40	Cry, the Beloved Country	1995	(Drama)
29	4.0131578947368425	29	City of Lost Children, The (Cité des enfants perdus, La)	1995	(Adventure,Drama,Fantasy,Mystery,Sci-Fi)
1392	4.125	1392	Citizen Ruth	1996	(Comedy,Drama)
136445	5.0	136445	George Carlin: Back in Town	1996	(Comedy)
1361	4.083333333333333	1361	Paradise Lost: The Child Murders at Robin Hood Hills	1996	(Documentary)
1310	5.0	1310	Hype!	1996	(Documentary)
1354	4.071428571428571	1354	Breaking the Waves	1996	(Drama,Mystery)
117849	4.5	117849	La Belle Verte	1996	(Comedy)
608	4.116022099447513	608	Fargo	1996	(Comedy,Crime,Drama,Thriller)
2330	4.5	2330	Hands on a Hard Body	1996	(Comedy,Documentary)
128900	4.5	128900	The Natural Love	1996	(Documentary)
1893	4.5	1893	Beyond Silence (Jenseits der Stille)	1996	(Drama)
626	5.0	626	Thin Line Between Love and Hate, A	1996	(Comedy)
26928	5.0	26928	Summer's Tale, A (Conte d'été)	1996	(Comedy,Drama,Romance)
720	4.092592592592593	720	Wallace & Gromit: The Best of Aardman Animation	1996	(Adventure,Animation,Comedy)
1571	4.5	1571	When the Cat's Away (Chacun cherche son chat)	1996	(Comedy,Romance)
778	4.03921568627451	778	Trainspotting	1996	(Comedy,Crime,Drama)
4350	4.25	4350	Forgotten Silver	1996	(Comedy,Documentary)
800	4.157894736842105	800	Lone Star	1996	(Drama,Mystery,Western)
1545	4.5	1545	Ponette	1996	(Drama)
1533	4.5	1533	Promise, The (La promesse)	1996	(Drama)
994	4.181818181818182	994	Big Night	1996	(Comedy,Drama)
1041	4.590909090909091	1041	Secrets & Lies	1996	(Drama)
1046	4.5	1046	Beautiful Thing	1996	(Drama,Romance)
157775	5.0	157775	Tenchi Muyô! In Love	1996	(Animation,Comedy)
1105	4.666666666666667	1105	Children of the Corn IV: The Gathering	1996	(Horror)
1111	4.125	1111	Microcosmos (Microcosmos: Le peuple de l'herbe)	1996	(Documentary)
1112	4.5	1112	Palookaville	1996	(Action,Comedy,Drama)
1123	4.25	1123	Perfect Candidate, A	1996	(Documentary)
1140	5.0	1140	Entertaining Angels: The Dorothy Day Story	1996	(Drama)
1446	4.428571428571429	1446	Kolya (Kolja)	1996	(Comedy,Drama)
1413	4.25	1413	Whole Wide World, The	1996	(Drama)
1596	4.333333333333333	1596	Career Girls	1997	(Drama)
2324	4.1477272727272725	2324	Life Is Beautiful (La Vita è bella)	1997	(Comedy,Drama,Romance,War)
8025	4.5	8025	The Thief	1997	(Drama)
2175	4.5	2175	Déjà Vu	1997	(Drama,Romance)
1594	4.083333333333333	1594	In the Company of Men	1997	(Comedy,Drama)
95654	4.166666666666667	95654	Geri's Game	1997	(Animation,Children)
1759	5.0	1759	Four Days in September (O Que É Isso, Companheiro?)	1997	(Drama)
1755	4.1	1755	Shooting Fish	1997	(Comedy,Romance)
1734	4.055555555555555	1734	My Life in Pink (Ma vie en rose)	1997	(Comedy,Drama)
1733	4.5	1733	Afterglow	1997	(Drama,Romance)
1719	4.25	1719	Sweet Hereafter, The	1997	(Drama)
1704	4.078014184397163	1704	Good Will Hunting	1997	(Drama,Romance)
1683	4.416666666666667	1683	Wings of the Dove, The	1997	(Drama,Romance)
1673	4.076923076923077	1673	Boogie Nights	1997	(Drama)
1652	4.5	1652	Year of the Horse	1997	(Documentary)
4217	4.25	4217	4 Little Girls	1997	(Documentary)
1631	5.0	1631	Assignment, The	1997	(Action,Thriller)
1617	4.061855670103093	1617	L.A. Confidential	1997	(Crime,Film-Noir,Mystery,Thriller)
150554	5.0	150554	The Love Bug	1997	(Adventure,Children,Comedy,Fantasy)
27156	4.3	27156	Neon Genesis Evangelion: The End of Evangelion (Shin seiki Evangelion Gekijô-ban: Air/Magokoro wo, kimi ni)	1997	(Action,Animation,Drama,Fantasy,Sci-Fi)
5888	5.0	5888	Brother (Brat)	1997	(Crime,Drama)
77846	5.0	77846	12 Angry Men	1997	(Crime,Drama)
26985	4.5	26985	Nirvana	1997	(Action,Sci-Fi)
5059	5.0	5059	Little Dieter Needs to Fly	1997	(Documentary)
2810	4.2	2810	Perfect Blue	1997	(Animation,Horror,Mystery,Thriller)
2801	4.5	2801	Oscar and Lucinda (a.k.a. Oscar & Lucinda)	1997	(Drama,Romance)
7486	4.75	7486	Happy Together (a.k.a. Buenos Aires Affair) (Chun gwong cha sit)	1997	(Drama,Romance)
32460	4.25	32460	Knockin' on Heaven's Door	1997	(Action,Comedy,Crime,Drama)
4645	4.5	4645	Cure	1997	(Crime,Horror,Thriller)
2295	4.5	2295	Impostors, The	1998	(Comedy)
2196	5.0	2196	Knock Off	1998	(Action)
2585	4.25	2585	Lovers of the Arctic Circle, The (Los Amantes del Círculo Polar)	1998	(Drama,Romance)
2028	4.1462765957446805	2028	Saving Private Ryan	1998	(Action,Drama,War)
2563	4.166666666666667	2563	Dangerous Beauty	1998	(Drama)
2557	4.5	2557	I Stand Alone (Seul contre tous)	1998	(Drama,Thriller)
1836	4.5	1836	Last Days of Disco, The	1998	(Comedy,Drama)
1797	4.25	1797	Everest	1998	(Documentary,IMAX)
105540	4.5	105540	All Dogs Christmas Carol, An	1998	(Animation,Children,Comedy,Musical)
2542	4.052238805970149	2542	Lock, Stock & Two Smoking Barrels	1998	(Comedy,Crime,Thriller)
3003	4.5	3003	Train of Life (Train de vie)	1998	(Comedy,Drama,Romance,War)
2333	4.125	2333	Gods and Monsters	1998	(Drama)
2329	4.217054263565892	2329	American History X	1998	(Crime,Drama)
2360	4.458333333333333	2360	Celebration, The (Festen)	1998	(Drama)
2357	4.416666666666667	2357	Central Station (Central do Brasil)	1998	(Drama)
2696	4.333333333333333	2696	Dinner Game, The (Dîner de cons, Le)	1998	(Comedy)
42761	4.5	42761	Casper Meets Wendy	1998	(Adventure,Children,Comedy,Fantasy)
2686	4.026315789473684	2686	Red Violin, The (Violon rouge, Le)	1998	(Drama,Mystery)
4454	5.0	4454	More	1998	(Animation,Drama,Sci-Fi,IMAX)
2323	4.25	2323	Cruise, The	1998	(Documentary)
2318	4.125	2318	Happiness	1998	(Comedy,Drama)
2624	4.25	2624	After Life (Wandafuru raifu)	1998	(Drama,Fantasy)
2314	4.5	2314	Beloved	1998	(Drama)
93320	5.0	93320	Trailer Park Boys	1999	(Comedy,Crime)
33201	4.5	33201	Between Your Legs (Entre las piernas)	1999	(Drama,Mystery,Romance,Thriller)
53355	5.0	53355	Sun Alley (Sonnenallee)	1999	(Comedy,Romance)
147936	4.5	147936	The Lord's Lantern in Budapest	1999	(Comedy,Drama)
136469	5.0	136469	Larry David: Curb Your Enthusiasm	1999	(Comedy)
136447	5.0	136447	George Carlin: You Are All Diseased	1999	(Comedy)
8142	4.25	8142	Dead or Alive: Hanzaisha	1999	(Action,Crime)
2436	4.25	2436	Tea with Mussolini	1999	(Comedy,Drama,War)
2502	4.090425531914893	2502	Office Space	1999	(Comedy,Crime)
2571	4.192446043165468	2571	Matrix, The	1999	(Action,Sci-Fi,Thriller)
2677	4.375	2677	Buena Vista Social Club	1999	(Documentary,Musical)
2761	4.051282051282051	2761	Iron Giant, The	1999	(Adventure,Animation,Children,Drama,Sci-Fi)
2824	5.0	2824	On the Ropes	1999	(Documentary,Drama)
72692	5.0	72692	Mickey's Once Upon a Christmas	1999	(Animation,Comedy,Fantasy)
2858	4.056372549019608	2858	American Beauty	1999	(Drama,Romance)
2959	4.272935779816514	2959	Fight Club	1999	(Action,Crime,Drama,Thriller)
118530	4.5	118530	Fans	1999	(Comedy)
3083	4.157894736842105	3083	All About My Mother (Todo sobre mi madre)	1999	(Drama)
3147	4.148648648648648	3147	Green Mile, The	1999	(Crime,Drama)
33779	4.5	33779	Eddie Izzard: Dress to Kill	1999	(Comedy)
3241	4.5	3241	Cup, The (Phörpa)	1999	(Comedy)
3289	4.5	3289	Not One Less (Yi ge dou bu neng shao)	1999	(Drama)
3302	4.75	3302	Beautiful People	1999	(Comedy)
6402	5.0	6402	Siam Sunset	1999	(Comedy)
3328	4.052631578947368	3328	Ghost Dog: The Way of the Samurai	1999	(Crime,Drama)
3795	5.0	3795	Five Senses, The	1999	(Drama)
3822	4.125	3822	Girl on the Bridge, The (Fille sur le pont, La)	1999	(Drama,Romance)
3855	4.75	3855	Affair of Love, An (Liaison pornographique, Une)	1999	(Drama,Romance)
4374	4.5	4374	Let It Snow	1999	(Comedy,Romance)
27480	4.5	27480	Dead or Alive 2: Tôbôsha	2000	(Action,Crime,Thriller)
4157	4.5	4157	Price of Milk, The	2000	(Comedy,Drama,Fantasy,Romance)
7842	4.375	7842	Dune	2000	(Drama,Fantasy,Sci-Fi)
4160	4.125	4160	Widow of St. Pierre, The (Veuve de Saint-Pierre, La)	2000	(Drama,Romance)
4226	4.122641509433962	4226	Memento	2000	(Mystery,Thriller)
4273	4.5	4273	Under the Sand	2000	(Drama)
4307	4.5	4307	Fast Food, Fast Women	2000	(Comedy,Romance)
4334	4.6	4334	Yi Yi	2000	(Drama)
117646	4.5	117646	Dragonheart 2: A New Beginning	2000	(Action,Adventure,Comedy,Drama,Fantasy,Thriller)
62336	4.277777777777778	62336	FLCL	2000	(Animation,Comedy,Fantasy,Sci-Fi)
4342	4.5	4342	Big Eden	2000	(Drama,Romance)
3275	4.22093023255814	3275	Boondock Saints, The	2000	(Action,Crime,Drama,Thriller)
3303	5.0	3303	Black Tar Heroin: The Dark End of the Street	2000	(Documentary)
6300	4.5	6300	Flickering Lights (Blinkende lygter)	2000	(Action,Comedy,Crime)
3353	4.5	3353	Closer You Get, The	2000	(Comedy,Romance)
3567	5.0	3567	Bossa Nova	2000	(Comedy,Drama,Romance)
4642	4.181818181818182	4642	Hedwig and the Angry Inch	2000	(Comedy,Drama,Musical)
3851	5.0	3851	I'm the One That I Want	2000	(Comedy)
3951	5.0	3951	Two Family House	2000	(Drama)
3983	4.166666666666667	3983	You Can Count on Me	2000	(Drama,Romance)
4011	4.155913978494624	4011	Snatch	2000	(Comedy,Crime,Thriller)
4021	4.3	4021	Before Night Falls	2000	(Drama)
4077	4.5	4077	With a Friend Like Harry... (Harry, un ami qui vous veut du bien)	2000	(Drama,Thriller)
4142	4.25	4142	Left Behind: The Movie	2000	(Action,Adventure,Drama,Thriller)
4144	4.214285714285714	4144	In the Mood For Love (Fa yeung nin wa)	2000	(Drama,Romance)
4152	4.25	4152	Vatel	2000	(Drama)
84844	4.5	84844	Brother 2 (Brat 2)	2000	(Crime,Drama)
27320	5.0	27320	Nine Lives of Tomas Katz, The	2000	(Comedy,Drama,Fantasy)
27328	4.5	27328	Monday	2000	(Action,Comedy,Crime,Fantasy,Thriller)
27397	4.25	27397	Joint Security Area (Gongdong gyeongbi guyeok JSA)	2000	(Crime,Drama,Mystery,Thriller,War)
8795	4.5	8795	Musa the Warrior (Musa)	2001	(Action,Adventure,Drama,War)
4765	4.333333333333333	4765	L.I.E.	2001	(Drama)
5425	4.25	5425	Dark Blue World (Tmavomodrý svet)	2001	(Drama,War)
87834	5.0	87834	My Life as McDull (Mak dau goo si)	2001	(Animation,Comedy,Drama)
7572	4.5	7572	Wit	2001	(Drama)
5949	4.25	5949	Intact (Intacto)	2001	(Thriller)
5328	5.0	5328	Rain	2001	(Drama,Romance)
5618	4.155172413793103	5618	Spirited Away (Sen to Chihiro no kamikakushi)	2001	(Adventure,Animation,Fantasy)
4993	4.106060606060606	4993	Lord of the Rings: The Fellowship of the Ring, The	2001	(Adventure,Fantasy)
6776	4.166666666666667	6776	Lagaan: Once Upon a Time in India	2001	(Comedy,Drama,Musical,Romance)
170705	4.285714285714286	170705	Band of Brothers	2001	(Action,Drama,War)
4973	4.183333333333334	4973	Amelie (Fabuleux destin d'Amélie Poulain, Le)	2001	(Comedy,Romance)
80124	5.0	80124	Sisters (Syostry)	2001	(Action,Crime,Drama)
5614	4.5	5614	His Secret Life (a.k.a. Ignorant Fairies, The) (Fate ignoranti, Le)	2001	(Drama,Romance)
5607	5.0	5607	Son of the Bride (Hijo de la novia, El)	2001	(Comedy,Drama)
142115	4.75	142115	The Blue Planet	2001	(Documentary)
7843	4.5	7843	Lammbock	2001	(Comedy)
27563	4.333333333333333	27563	Happiness of the Katakuris, The (Katakuri-ke no kôfuku)	2001	(Comedy,Horror,Musical)
7096	5.0	7096	Rivers and Tides	2001	(Documentary)
5224	4.25	5224	Promises	2001	(Documentary)
27523	5.0	27523	My Sassy Girl (Yeopgijeogin geunyeo)	2001	(Comedy,Romance)
4967	4.1923076923076925	4967	No Man's Land	2001	(Drama,War)
5379	4.25	5379	Believer, The	2001	(Drama)
27370	4.5	27370	Late Night Shopping	2001	(Comedy)
5890	4.5	5890	Elling	2001	(Comedy,Drama)
5095	4.5	5095	Scotland, Pa.	2001	(Comedy,Crime)
27373	5.0	27373	61*	2001	(Drama)
5995	4.108695652173913	5995	Pianist, The	2002	(Drama,War)
6306	4.166666666666667	6306	I Am Trying to Break Your Heart	2002	(Documentary)
5818	4.5	5818	Crime of Father Amaro, The (Crimen del padre Amaro, El)	2002	(Drama,Romance)
6269	4.25	6269	Stevie	2002	(Documentary)
6192	5.0	6192	Open Hearts (Elsker dig for evigt)	2002	(Romance)
96935	5.0	96935	My Left Eye Sees Ghosts (Ngo joh aan gin diy gwai)	2002	(Comedy,Fantasy,Romance)
6163	4.5	6163	He Loves Me... He Loves Me Not (À la folie... pas du tout)	2002	(Romance,Thriller)
8327	4.25	8327	Dolls	2002	(Drama,Romance)
6016	4.1466666666666665	6016	City of God (Cidade de Deus)	2002	(Action,Adventure,Crime,Drama,Thriller)
6591	4.333333333333333	6591	Magdalene Sisters, The	2002	(Drama)
5817	4.5	5817	Ararat	2002	(Drama,War)
27627	4.5	27627	Oasis	2002	(Drama,Romance)
5878	4.035714285714286	5878	Talk to Her (Hable con Ella)	2002	(Drama,Romance)
5786	4.5	5786	Paid in Full	2002	(Action,Drama)
5685	4.25	5685	Real Women Have Curves	2002	(Comedy,Drama)
5901	4.5	5901	Empire	2002	(Crime,Drama)
6963	4.25	6963	Devil's Playground	2002	(Documentary)
5833	4.666666666666667	5833	Dog Soldiers	2002	(Action,Horror)
7976	4.5	7976	Ken Park	2002	(Drama)
44943	5.0	44943	9/11	2002	(Documentary)
7981	4.333333333333333	7981	Infernal Affairs (Mou gaan dou)	2002	(Crime,Drama,Thriller)
5537	5.0	5537	Satin Rouge	2002	(Drama,Musical)
5952	4.0212765957446805	5952	Lord of the Rings: The Two Towers, The	2002	(Adventure,Fantasy)
5513	5.0	5513	Martin Lawrence Live: Runteldat	2002	(Comedy,Documentary)
5416	5.0	5416	Cherish	2002	(Comedy,Drama,Thriller)
7767	4.75	7767	Best of Youth, The (La meglio gioventù)	2003	(Drama)
7459	4.5	7459	Carandiru	2003	(Crime,Drama)
7382	4.25	7382	I'm Not Scared (Io non ho paura)	2003	(Drama,Mystery,Thriller)
7371	4.025	7371	Dogville	2003	(Drama,Mystery,Thriller)
32582	4.75	32582	Wild Parrots of Telegraph Hill, The	2003	(Documentary)
7156	4.3076923076923075	7156	Fog of War: Eleven Lessons from the Life of Robert S. McNamara, The	2003	(Documentary,War)
7153	4.118918918918919	7153	Lord of the Rings: The Return of the King, The	2003	(Action,Adventure,Drama,Fantasy)
6945	4.25	6945	My Architect: A Son's Journey	2003	(Documentary)
6887	4.1	6887	Radio	2003	(Drama)
6711	4.033783783783784	6711	Lost in Translation	2003	(Comedy,Drama,Romance)
138966	5.0	138966	Nasu: Summer in Andalusia	2003	(Animation)
6545	4.5	6545	I Capture the Castle	2003	(Drama,Romance)
148671	4.5	148671	Saw	2003	(Crime,Horror)
172875	5.0	172875	A Detective Story	2003	(Animation,Sci-Fi)
42422	4.5	42422	Voices of a Distant Star (Hoshi no koe)	2003	(Animation,Drama,Romance,Sci-Fi)
6159	4.25	6159	All the Real Girls	2003	(Drama,Romance)
8800	4.5	8800	Code 46	2003	(Romance,Sci-Fi)
9010	4.1	9010	Love Me If You Dare (Jeux d'enfants)	2003	(Drama,Romance)
27704	5.0	27704	Battle Royale 2: Requiem (Batoru rowaiaru II: Chinkonka)	2003	(Action,Drama,Thriller,War)
27716	4.5	27716	Green Butchers, The (Grønne slagtere, De)	2003	(Comedy,Crime,Drama,Romance)
27722	4.166666666666667	27722	Last Life in the Universe (Ruang rak noi nid mahasan)	2003	(Drama,Romance)
27744	4.5	27744	Facing Windows (Finestra di fronte, La)	2003	(Drama,Romance)
27773	4.089743589743589	27773	Old Boy	2003	(Mystery,Thriller)
27834	4.333333333333333	27834	Return, The (Vozvrashcheniye)	2003	(Drama)
8014	4.25	8014	Spring, Summer, Fall, Winter... and Spring (Bom yeoreum gaeul gyeoul geurigo bom)	2003	(Drama)
30745	4.75	30745	Gozu (Gokudô kyôfu dai-gekijô: Gozu)	2003	(Comedy,Crime,Drama,Horror,Mystery)
31364	4.7	31364	Memories of Murder (Salinui chueok)	2003	(Crime,Drama,Mystery,Thriller)
8911	5.0	8911	Raise Your Voice	2004	(Romance)
136353	5.0	136353	Scooby-Doo! and the Loch Ness Monster	2004	(Animation,Children,Comedy)
39516	4.5	39516	Don't Move (Non ti muovere)	2004	(Drama)
8874	4.0064935064935066	8874	Shaun of the Dead	2004	(Comedy,Horror)
92494	5.0	92494	Dylan Moran: Monster	2004	(Comedy,Documentary)
86504	4.3	86504	Voices from the List	2004	(Documentary)
33649	5.0	33649	Saving Face	2004	(Comedy,Drama,Romance)
33893	4.5	33893	Perfect Crime, The (Crimen Ferpecto) (Ferpect Crime)	2004	(Comedy,Crime,Thriller)
27619	4.5	27619	Lion King 1½, The	2004	(Adventure,Animation,Children,Comedy)
33310	4.5	33310	Common Thread, A (a.k.a. Sequins) (Brodeuses)	2004	(Drama,Romance)
30803	4.5	30803	3-Iron (Bin-jip)	2004	(Drama,Romance)
182731	4.5	182731	Pixel Perfect	2004	(Children,Comedy,Sci-Fi)
33138	5.0	33138	Palindromes	2004	(Adventure,Comedy,Drama)
34312	5.0	34312	Calcium Kid, The	2004	(Comedy)
31435	4.5	31435	Rory O'Shea Was Here (Inside I'm Dancing)	2004	(Drama)
27751	5.0	27751	'Salem's Lot	2004	(Drama,Horror,Mystery,Thriller)
31437	4.25	31437	Nobody Knows (Dare mo shiranai)	2004	(Drama)
27776	4.5	27776	Red Lights (Feux rouges)	2004	(Drama)
32770	4.25	32770	Brothers (Brødre)	2004	(Drama)
40412	4.75	40412	Dead Man's Shoes	2004	(Crime,Thriller)
27869	4.5	27869	Tae Guk Gi: The Brotherhood of War (Taegukgi hwinalrimyeo)	2004	(Action,Drama,War)
27879	4.125	27879	DiG!	2004	(Documentary)
50613	4.5	50613	Dead Meat	2004	(Horror)
31658	4.075	31658	Howl's Moving Castle (Hauru no ugoku shiro)	2004	(Adventure,Animation,Fantasy,Romance)
44851	5.0	44851	Go for Zucker! (Alles auf Zucker!)	2004	(Comedy)
27266	4.071428571428571	27266	2046	2004	(Drama,Fantasy,Romance,Sci-Fi)
93988	4.5	93988	North & South	2004	(Drama,Romance)
47404	4.25	47404	Mind Game	2004	(Adventure,Animation,Comedy,Fantasy,Romance,Sci-Fi)
53883	4.5	53883	Power of Nightmares, The: The Rise of the Politics of Fear	2004	(Documentary)
79006	4.5	79006	Empire of Dreams: The Story of the 'Star Wars' Trilogy	2004	(Documentary)
165959	5.0	165959	Alesha Popovich and Tugarin the Dragon	2004	(Animation,Comedy,Drama)
118888	4.25	118888	Dave Chappelle: For What it's Worth	2004	(Comedy)
9018	4.333333333333333	9018	Control Room	2004	(Documentary,War)
7361	4.1603053435114505	7361	Eternal Sunshine of the Spotless Mind	2004	(Drama,Romance,Sci-Fi)
8919	4.25	8919	P.S.	2004	(Comedy,Drama,Fantasy,Romance)
41724	4.5	41724	Wal-Mart: The High Cost of Low Price	2005	(Documentary)
39869	4.125	39869	Manderlay	2005	(Drama)
38388	4.25	38388	Goal! The Dream Begins (Goal!)	2005	(Drama)
38304	4.625	38304	No Direction Home: Bob Dylan	2005	(Documentary)
47491	4.166666666666667	47491	Adam's Apples (Adams æbler)	2005	(Comedy,Drama)
38095	4.166666666666667	38095	Bittersweet Life, A (Dalkomhan insaeng)	2005	(Action,Crime,Drama)
38061	4.071428571428571	38061	Kiss Kiss Bang Bang	2005	(Comedy,Crime,Mystery,Thriller)
33660	4.088235294117647	33660	Cinderella Man	2005	(Drama,Romance)
48872	4.5	48872	13 Tzameti	2005	(Film-Noir,Thriller)
51167	4.5	51167	My Father and My Son (Babam ve oglum)	2005	(Drama)
69211	5.0	69211	Boy Eats Girl	2005	(Comedy,Horror)
72178	4.5	72178	Welcome to Dongmakgol	2005	(Comedy,Drama,War)
76301	4.5	76301	Emperor's New Groove 2: Kronk's New Groove, The	2005	(Animation,Children,Comedy,Romance)
95313	4.5	95313	Jack-Jack Attack	2005	(Adventure,Animation,Children,Comedy)
121781	5.0	121781	Stuart Little 3: Call of the Wild	2005	(Animation,Children,Comedy,Fantasy)
122092	5.0	122092	Guy X	2005	(Comedy,War)
130970	5.0	130970	George Carlin: Life Is Worth Losing	2005	(Comedy)
136834	5.0	136834	The Eye: Infinity	2005	(Horror)
142831	4.5	142831	Garam Masala	2005	(Comedy)
180777	4.5	180777	Die Frauen von Ravensbrück	2005	(Documentary)
44889	4.75	44889	Reefer Madness: The Movie Musical	2005	(Comedy,Drama,Musical)
44777	4.5	44777	Evil Aliens	2005	(Comedy,Horror,Sci-Fi)
44633	4.5	44633	Devil and Daniel Johnston, The	2005	(Documentary)
43376	4.625	43376	Sophie Scholl: The Final Days (Sophie Scholl - Die letzten Tage)	2005	(Drama,War)
46105	4.5	46105	I Am a Sex Addict	2005	(Comedy,Documentary,Romance)
51314	4.5	51314	Golden Door (Nuovomondo)	2006	(Adventure,Drama,Romance)
48516	4.252336448598131	48516	Departed, The	2006	(Crime,Drama,Thriller)
51705	4.25	51705	Priceless (Hors de prix)	2006	(Comedy,Romance)
134095	5.0	134095	My Love	2006	(Animation,Drama)
53280	5.0	53280	Breed, The	2006	(Horror,Thriller)
69720	4.5	69720	Hood of Horror	2006	(Comedy,Drama,Horror)
53578	5.0	53578	Valet, The (La doublure)	2006	(Comedy)
134334	4.5	134334	Phir Hera Pheri	2006	(Comedy)
135777	4.5	135777	Golmaal	2006	(Children,Comedy)
57504	4.1	57504	Girl Who Leapt Through Time, The (Toki o kakeru shôjo)	2006	(Animation,Comedy,Drama,Romance,Sci-Fi)
44929	4.25	44929	Candy	2006	(Drama,Romance)
45210	4.142857142857143	45210	United 93	2006	(Crime,Drama)
48780	4.0055555555555555	48780	Prestige, The	2006	(Drama,Mystery,Sci-Fi,Thriller)
50842	4.5	50842	Boss of It All, The (Direktøren for det hele)	2006	(Comedy,Drama)
91355	5.0	91355	Asterix and the Vikings (Astérix et les Vikings)	2006	(Adventure,Animation,Children,Comedy,Fantasy)
126921	5.0	126921	The Fox and the Hound 2	2006	(Adventure,Animation,Children,Comedy)
45503	5.0	45503	Peaceful Warrior	2006	(Drama)
136503	5.0	136503	Tom and Jerry: Shiver Me Whiskers	2006	(Animation,Children,Comedy)
44195	4.027777777777778	44195	Thank You for Smoking	2006	(Comedy,Drama)
56060	4.5	56060	I Served the King of England (Obsluhoval jsem anglického krále)	2006	(Comedy,Drama,Romance,War)
47999	4.071428571428571	47999	Jesus Camp	2006	(Documentary,Drama)
50851	4.5	50851	Cocaine Cowboys	2006	(Documentary)
50999	5.0	50999	Ugly Duckling and Me!, The	2006	(Animation,Comedy)
55167	4.625	55167	Tekkonkinkreet (Tekkon kinkurîto)	2006	(Action,Adventure,Animation,Crime,Fantasy)
43684	4.5	43684	Something New	2006	(Comedy,Drama,Romance)
48698	4.5	48698	Deliver Us from Evil	2006	(Documentary)
55391	4.5	55391	10th & Wolf	2006	(Crime,Drama,Thriller)
159817	4.214285714285714	159817	Planet Earth	2006	(Documentary)
44555	4.117647058823529	44555	Lives of Others, The (Das leben der Anderen)	2006	(Drama,Romance,Thriller)
55020	4.5	55020	Ten, The	2007	(Comedy)
55118	4.026315789473684	55118	Eastern Promises	2007	(Crime,Drama,Thriller)
55278	4.25	55278	Sleuth	2007	(Drama,Mystery,Thriller)
55363	4.1	55363	Assassination of Jesse James by the Coward Robert Ford, The	2007	(Crime,Drama,Western)
55442	4.181818181818182	55442	Persepolis	2007	(Animation,Drama)
55444	4.166666666666667	55444	Control	2007	(Drama)
65642	4.25	65642	Timecrimes (Cronocrímenes, Los)	2007	(Sci-Fi,Thriller)
118834	5.0	118834	National Lampoon's Bag Boy	2007	(Comedy)
60737	5.0	60737	Watching the Detectives	2007	(Comedy,Romance)
60030	4.5	60030	Spiral	2007	(Drama,Horror,Thriller)
59814	5.0	59814	Ex Drummer	2007	(Comedy,Crime,Drama,Horror)
59143	4.25	59143	Super High Me	2007	(Comedy,Documentary)
69860	5.0	69860	Eichmann	2007	(Drama,War)
59141	4.666666666666667	59141	Son of Rambow	2007	(Children,Comedy,Drama)
59018	4.5	59018	Visitor, The	2007	(Drama,Romance)
58842	4.5	58842	Assembly (Ji jie hao)	2007	(Action,Drama,War)
58425	4.166666666666667	58425	Heima	2007	(Documentary)
131130	5.0	131130	Tom and Jerry: A Nutcracker Tale	2007	(Animation,Comedy)
71131	4.5	71131	Most Hated Family in America, The	2007	(Documentary)
58309	4.5	58309	War Dance	2007	(Documentary)
58301	4.375	58301	Funny Games U.S.	2007	(Drama,Thriller)
57843	4.5	57843	Rise of the Footsoldier	2007	(Action,Crime,Drama)
134004	5.0	134004	What Love Is	2007	(Comedy,Romance)
134184	4.5	134184	Elections Day	2007	(Comedy)
57274	4.0625	57274	[REC]	2007	(Drama,Horror,Thriller)
57183	4.5	57183	Like Stars on Earth (Taare Zameen Par)	2007	(Drama)
56782	4.142857142857143	56782	There Will Be Blood	2007	(Drama,Western)
173963	5.0	173963	Empties	2007	(Comedy)
55908	4.1875	55908	Man from Earth, The	2007	(Drama,Sci-Fi)
143031	5.0	143031	Jump In!	2007	(Comedy,Drama,Romance)
147382	4.5	147382	Doctor Who: Voyage Of The Damned	2007	(Action,Sci-Fi)
55814	4.1	55814	Diving Bell and the Butterfly, The (Scaphandre et le papillon, Le)	2007	(Drama)
80139	4.166666666666667	80139	Jackass 2.5	2007	(Comedy,Documentary)
55721	4.3	55721	Elite Squad (Tropa de Elite)	2007	(Action,Crime,Drama,Thriller)
51931	4.1	51931	Reign Over Me	2007	(Drama)
55687	4.5	55687	My Kid Could Paint That	2007	(Documentary)
54190	4.045454545454546	54190	Across the Universe	2007	(Drama,Fantasy,Musical,Romance)
54997	4.06	54997	3:10 to Yuma	2007	(Action,Crime,Drama,Western)
69481	4.0588235294117645	69481	Hurt Locker, The	2008	(Action,Drama,Thriller,War)
69394	4.5	69394	Stoning of Soraya M., The	2008	(Crime,Drama)
68848	4.333333333333333	68848	Brothers Bloom, The	2008	(Adventure,Comedy,Crime,Romance)
66943	4.25	66943	Cottage, The	2008	(Comedy,Crime,Horror,Thriller)
67618	5.0	67618	Strictly Sexual	2008	(Comedy,Drama,Romance)
95311	5.0	95311	Presto	2008	(Animation,Children,Comedy,Fantasy)
86721	5.0	86721	Idiots and Angels	2008	(Animation,Drama,Fantasy)
86668	5.0	86668	Louis Theroux: Law & Disorder	2008	(Documentary)
85736	4.5	85736	BURN-E	2008	(Adventure,Animation,Children,Sci-Fi)
134109	5.0	134109	Radio Day	2008	(Comedy)
57669	4.158536585365853	57669	In Bruges	2008	(Comedy,Crime,Drama,Thriller)
58291	4.5	58291	College Road Trip	2008	(Comedy)
58559	4.238255033557047	58559	Dark Knight, The	2008	(Action,Crime,Drama,IMAX)
60069	4.0576923076923075	60069	WALL·E	2008	(Adventure,Animation,Children,Romance,Sci-Fi)
60333	4.5	60333	Encounters at the End of the World	2008	(Documentary)
60408	4.5	60408	Welcome to the Sticks (Bienvenue chez les Ch'tis)	2008	(Comedy)
60943	4.5	60943	Frozen River	2008	(Drama)
64197	4.75	64197	Hunger	2008	(Drama)
64499	5.0	64499	Che: Part One	2008	(Drama,War)
64501	5.0	64501	Che: Part Two	2008	(Drama,War)
64716	4.136363636363637	64716	Seven Pounds	2008	(Drama)
65225	4.5	65225	Zeitgeist: Addendum	2008	(Documentary)
95175	5.0	95175	Front of the Class	2008	(Drama)
66371	4.1	66371	Departures (Okuribito)	2008	(Drama)
129514	5.0	129514	George Carlin: It's Bad for Ya!	2008	(Comedy)
66511	4.25	66511	Berlin Calling	2008	(Comedy,Drama)
72142	5.0	72142	Love Exposure (Ai No Mukidashi)	2008	(Action,Comedy,Drama,Romance)
70451	5.0	70451	Max Manus	2008	(Action,Drama,War)
121374	4.5	121374	Bill Burr: Why Do I Do This?	2008	(Comedy)
121469	4.5	121469	Killer Movie	2008	(Comedy,Horror,Mystery,Thriller)
136341	5.0	136341	Scooby-Doo! and the Samurai Sword	2009	(Animation,Children,Comedy)
73881	4.75	73881	3 Idiots	2009	(Comedy,Drama,Romance)
68157	4.136363636363637	68157	Inglourious Basterds	2009	(Action,Drama,War)
73344	4.25	73344	Prophet, A (Un Prophète)	2009	(Crime,Drama)
73323	4.2	73323	Girl Who Kicked the Hornet's Nest, The (Luftslottet som sprängdes)	2009	(Action,Crime,Mystery)
78836	5.0	78836	Enter the Void	2009	(Drama)
71108	4.5	71108	White Ribbon, The (Das weiße Band)	2009	(Drama,Mystery)
128089	4.5	128089	Kevin Hart: I'm a Grown Little Man	2009	(Comedy)
70708	4.5	70708	Tetro	2009	(Drama,Mystery)
69275	4.25	69275	Dead Snow (Død snø)	2009	(Action,Adventure,Comedy,Horror)
68194	4.25	68194	Damned United, The	2009	(Drama)
73023	4.1	73023	Crazy Heart	2009	(Drama,Romance)
72554	4.5	72554	Cell 211 (Celda 211)	2009	(Action,Drama)
72489	4.166666666666667	72489	Ninja Assassin	2009	(Action,Crime,Drama,Thriller)
69469	5.0	69469	Garfield's Pet Force	2009	(Animation)
79357	4.142857142857143	79357	Mr. Nobody	2009	(Drama,Fantasy,Romance,Sci-Fi)
81087	4.5	81087	Luck by Chance	2009	(Drama)
76143	4.5	76143	Bone Man, The (Der Knochenmann)	2009	(Crime,Thriller)
120813	4.5	120813	Patton Oswalt: My Weakness Is Strong	2009	(Comedy)
78142	4.5	78142	Baarìa	2009	(Comedy,Drama,War)
98607	4.5	98607	Redline	2009	(Action,Animation,Sci-Fi)
95633	4.5	95633	Spirit Camp	2009	(Horror)
72356	4.375	72356	Partly Cloudy	2009	(Animation,Children,Comedy,Fantasy)
82041	4.25	82041	Loved Ones, The	2009	(Horror)
72308	4.25	72308	Battlestar Galactica: The Plan	2009	(Action,Adventure,Drama,Sci-Fi)
142196	4.5	142196	Cornered!	2009	(Comedy,Horror)
95149	5.0	95149	Superman/Batman: Public Enemies	2009	(Action,Animation,Fantasy)
140481	4.5	140481	Family Guy Presents: Something, Something, Something, Dark Side	2009	(Animation,Comedy,Sci-Fi)
67997	4.3	67997	In the Loop	2009	(Comedy)
93006	4.25	93006	Very Potter Musical, A	2009	(Comedy,Musical)
108795	5.0	108795	Wonder Woman	2009	(Action,Adventure,Animation,Fantasy)
76091	5.0	76091	Mother (Madeo)	2009	(Crime,Drama,Mystery,Thriller)
82857	4.5	82857	Sweetgrass	2009	(Adventure,Documentary,Western)
69529	4.5	69529	Home	2009	(Documentary)
72226	4.083333333333333	72226	Fantastic Mr. Fox	2009	(Adventure,Animation,Children,Comedy,Crime)
68954	4.004761904761905	68954	Up	2009	(Adventure,Animation,Children,Drama)
123200	4.5	123200	Jim Jefferies: I Swear to God	2009	(Comedy)
71899	4.2	71899	Mary and Max	2009	(Animation,Comedy,Drama)
71462	4.25	71462	Cove, The	2009	(Documentary)
71268	5.0	71268	Tyler Perry's I Can Do Bad All by Myself	2009	(Comedy,Drama)
68269	4.25	68269	Young Victoria, The	2009	(Drama,Romance)
74510	4.25	74510	Girl Who Played with Fire, The (Flickan som lekte med elden)	2009	(Action,Crime,Drama,Mystery,Thriller)
79897	5.0	79897	Get Low	2009	(Comedy,Drama,Mystery)
91947	4.5	91947	Revenant, The	2009	(Comedy,Horror)
84156	4.5	84156	Happy People: A Year in the Taiga	2010	(Documentary)
88448	5.0	88448	Paper Birds (Pájaros de papel)	2010	(Comedy,Drama)
85295	5.0	85295	Scooby-Doo! Curse of the Lake Monster	2010	(Adventure,Children,Comedy,Mystery)
85342	4.357142857142857	85342	Elite Squad: The Enemy Within (Tropa de Elite 2 - O Inimigo Agora É Outro)	2010	(Action,Crime,Drama)
86345	4.055555555555555	86345	Louis C.K.: Hilarious	2010	(Comedy)
79132	4.066433566433567	79132	Inception	2010	(Action,Crime,Drama,Mystery,Sci-Fi,Thriller,IMAX)
78499	4.109090909090909	78499	Toy Story 3	2010	(Adventure,Animation,Children,Comedy,Fantasy,IMAX)
89582	4.5	89582	Cold Fish (Tsumetai nettaigyo)	2010	(Drama,Thriller)
77455	4.038461538461538	77455	Exit Through the Gift Shop	2010	(Comedy,Documentary)
112512	5.0	112512	Colourful (Karafuru)	2010	(Animation,Drama,Fantasy,Mystery)
93022	5.0	93022	Miss Nobody	2010	(Comedy,Crime)
131237	5.0	131237	What Men Talk About	2010	(Comedy)
86781	4.4	86781	Incendies	2010	(Drama,Mystery,War)
86892	4.5	86892	The Man from Nowhere	2010	(Action,Crime,Thriller)
87234	4.166666666666667	87234	Submarine	2010	(Comedy,Drama,Romance)
93008	5.0	93008	Very Potter Sequel, A	2010	(Comedy,Musical)
126430	4.75	126430	The Pacific	2010	(Action,Adventure,Drama,War)
124273	4.5	124273	Kevin Smith: Too Fat For 40	2010	(Comedy)
74458	4.022388059701493	74458	Shutter Island	2010	(Drama,Mystery,Thriller)
74324	4.375	74324	Temple Grandin	2010	(Drama)
121372	4.5	121372	Bill Burr: Let It Go	2010	(Comedy)
118894	5.0	118894	Scooby-Doo! Abracadabra-Doo	2010	(Animation,Children,Mystery)
80906	4.291666666666667	80906	Inside Job	2010	(Documentary)
152711	5.0	152711	Who Killed Chea Vichea?	2010	(Documentary)
81535	4.5	81535	Saw VII 3D - The Final Chapter	2010	(Horror,Mystery,Thriller)
185135	4.75	185135	Sherlock - A Study in Pink	2010	(Crime)
81819	4.25	81819	Biutiful	2010	(Drama)
147376	4.75	147376	Doctor Who: A Christmas Carol	2010	(Sci-Fi)
81845	4.043103448275862	81845	King's Speech, The	2010	(Drama)
107630	4.5	107630	High School	2010	(Comedy)
82242	4.25	82242	Rare Exports: A Christmas Tale (Rare Exports)	2010	(Action,Comedy)
82366	4.5	82366	Hatchet II	2010	(Comedy,Horror,Thriller)
82744	5.0	82744	Faster	2010	(Action,Crime,Drama)
83803	4.1	83803	Day & Night	2010	(Animation,Children)
83827	4.25	83827	Marwencol	2010	(Documentary)
92643	4.5	92643	Monsieur Lazhar	2011	(Children,Comedy,Drama)
92694	4.25	92694	Perfect Sense	2011	(Drama,Romance,Sci-Fi)
89759	4.333333333333333	89759	Separation, A (Jodaeiye Nader az Simin)	2011	(Drama)
89090	4.5	89090	Bill Cunningham New York	2011	(Documentary)
89039	4.5	89039	Another Earth	2011	(Drama,Romance,Sci-Fi)
93721	4.1	93721	Jiro Dreams of Sushi	2011	(Documentary)
88932	4.5	88932	Final Destination 5	2011	(Horror,Thriller,IMAX)
93838	4.333333333333333	93838	The Raid: Redemption	2011	(Action,Crime)
93855	4.5	93855	God Bless America	2011	(Comedy,Drama)
94810	5.0	94810	Eva	2011	(Drama,Fantasy,Sci-Fi)
87660	4.5	87660	Too Big to Fail	2011	(Drama)
95690	4.5	95690	Some Guy Who Kills People	2011	(Comedy,Thriller)
95761	4.5	95761	Killer Joe	2011	(Crime,Thriller)
86487	4.5	86487	Mildred Pierce	2011	(Drama)
84414	4.25	84414	All-Star Superman	2011	(Action,Adventure,Animation,Sci-Fi)
84273	5.0	84273	Zeitgeist: Moving Forward	2011	(Documentary)
98604	4.5	98604	From Up on Poppy Hill (Kokuriko-zaka kara)	2011	(Animation,Drama,Romance)
120130	5.0	120130	Into the Forest of Fireflies' Light	2011	(Animation,Drama,Fantasy)
124404	5.0	124404	Snowflake, the White Gorilla	2011	(Adventure,Animation,Children,Comedy)
136556	5.0	136556	Kung Fu Panda: Secrets of the Masters	2011	(Animation,Children)
146662	5.0	146662	Dragons: Gift of the Night Fury	2011	(Adventure,Animation,Comedy)
147374	4.166666666666667	147374	Doctor Who: The Doctor, the Widow and the Wardrobe	2011	(Adventure,Drama)
149508	5.0	149508	Spellbound	2011	(Comedy,Romance)
100553	4.5	100553	Frozen Planet	2011	(Documentary)
91386	5.0	91386	Happy Feet Two	2011	(Animation,Children,Comedy,IMAX)
91784	4.5	91784	Girl Walks Into a Bar	2011	(Comedy,Drama,Fantasy)
90943	5.0	90943	Into the Abyss	2011	(Documentary)
90576	4.5	90576	What's Your Number?	2011	(Comedy,Romance)
89904	4.045454545454546	89904	The Artist	2011	(Comedy,Drama,Romance)
92243	4.5	92243	Flowers of War, The (Jin líng shí san chai)	2011	(Drama,War)
92259	4.108108108108108	92259	Intouchables	2011	(Comedy,Drama)
92475	4.25	92475	All Watched Over by Machines of Loving Grace	2011	(Documentary)
89837	4.5	89837	Kill List	2011	(Horror,Mystery,Thriller)
92535	4.3	92535	Louis C.K.: Live at the Beacon Theater	2011	(Comedy)
109241	5.0	109241	On the Other Side of the Tracks (De l'autre côté du périph)	2012	(Action,Comedy,Crime)
136355	5.0	136355	Big Top Scooby-Doo!	2012	(Animation,Children,Comedy)
134847	5.0	134847	Ghost Graduation	2012	(Comedy)
110330	4.5	110330	Me and you (io e te)	2012	(Drama)
118270	5.0	118270	Hellbenders	2012	(Comedy,Horror,Thriller)
95309	4.166666666666667	95309	Seeking a Friend for the End of the World	2012	(Comedy,Drama,Romance)
96829	4.3	96829	Hunt, The (Jagten)	2012	(Drama)
176413	4.5	176413	Bliss	2012	(Drama)
97866	4.75	97866	Imposter, The	2012	(Documentary)
98154	4.5	98154	Lincoln	2012	(Drama,War)
98491	4.375	98491	Paperman	2012	(Animation,Comedy,Romance)
119153	4.5	119153	Bill Burr: You People Are All the Same	2012	(Comedy)
98961	4.107142857142857	98961	Zero Dark Thirty	2012	(Action,Drama,Thriller)
99636	5.0	99636	English Vinglish	2012	(Comedy,Drama)
99764	4.25	99764	It's Such a Beautiful Day	2012	(Animation,Comedy,Drama,Fantasy,Sci-Fi)
96832	5.0	96832	Holy Motors	2012	(Drama,Fantasy,Musical,Mystery,Sci-Fi)
100159	4.5	100159	Sightseers	2012	(Comedy)
100194	4.5	100194	Jim Jefferies: Fully Functional (EPIX)	2012	(Comedy)
100556	5.0	100556	Act of Killing, The	2012	(Documentary)
101765	4.25	101765	Perfect Plan, A (Plan parfait, Un)	2012	(Adventure,Comedy,Romance)
102084	5.0	102084	Justice League: Doom	2012	(Action,Animation,Fantasy)
102194	4.333333333333333	102194	Mud	2012	(Adventure,Crime,Drama)
102984	4.5	102984	Inhuman Resources (Redd Inc.)	2012	(Horror,Thriller)
149566	5.0	149566	Unicorn City	2012	(Comedy,Romance)
93840	4.0227272727272725	93840	Cabin in the Woods, The	2012	(Comedy,Horror,Sci-Fi,Thriller)
106594	4.5	106594	Red Flag	2012	(Comedy,Drama,Romance)
96373	4.5	96373	Broken	2012	(Drama)
96430	5.0	96430	Odd Life of Timothy Green, The	2012	(Comedy,Drama,Fantasy)
108540	4.5	108540	Ernest & Célestine (Ernest et Célestine)	2012	(Adventure,Animation,Children,Comedy,Drama,Romance)
96488	4.25	96488	Searching for Sugar Man	2012	(Documentary)
136540	4.5	136540	The FP	2012	(Comedy)
130976	4.5	130976	Legend No. 17	2013	(Drama)
117192	4.5	117192	Doctor Who: The Time of the Doctor	2013	(Adventure,Drama)
116411	4.5	116411	Tangerines	2013	(Drama)
131098	5.0	131098	Saving Santa	2013	(Animation,Children,Comedy)
110591	4.5	110591	Oculus	2013	(Horror)
109968	4.25	109968	Why Don't You Play In Hell? (Jigoku de naze warui)	2013	(Action,Drama)
109687	5.0	109687	Particle Fever	2013	(Documentary)
109633	5.0	109633	Garden of Words, The (Koto no ha no niwa)	2013	(Animation,Romance)
109161	4.5	109161	Venus in Fur (La Vénus à la fourrure)	2013	(Drama)
108981	4.5	108981	Nymphomaniac: Volume II	2013	(Drama,Mystery)
108727	4.25	108727	Nymphomaniac: Volume I	2013	(Drama)
108078	5.0	108078	Chinese Puzzle (Casse-tête chinois)	2013	(Comedy,Romance)
107951	5.0	107951	Hunting Elephants	2013	(Comedy,Crime)
107771	5.0	107771	Only Lovers Left Alive	2013	(Drama,Horror,Romance)
107462	4.5	107462	Ninja: Shadow of a Tear	2013	(Action,Crime,Thriller)
106642	4.571428571428571	106642	Day of the Doctor, The	2013	(Adventure,Drama,Sci-Fi)
144478	4.5	144478	Sex, Drugs & Taxation	2013	(Comedy,Drama)
105746	4.5	105746	UnHung Hero	2013	(Documentary)
105593	4.5	105593	Filth	2013	(Comedy,Crime,Drama)
105504	4.0476190476190474	105504	Captain Phillips	2013	(Adventure,Drama,Thriller,IMAX)
105197	4.125	105197	Nebraska	2013	(Adventure,Drama)
104879	4.15625	104879	Prisoners	2013	(Drama,Mystery,Thriller)
104069	4.125	104069	Louis C.K.: Oh My God	2013	(Comedy)
103688	4.214285714285714	103688	Conjuring, The	2013	(Horror,Thriller)
103685	4.5	103685	Field in England, A	2013	(Drama,Fantasy,Thriller,War)
103602	5.0	103602	Craig Ferguson: I'm Here To Help	2013	(Comedy,Documentary)
103483	4.5	103483	V/H/S/2	2013	(Horror,Thriller)
103107	4.25	103107	20 Feet from Stardom (Twenty Feet from Stardom)	2013	(Documentary)
100882	4.75	100882	Journey to the West: Conquering the Demons (Daai wa sai you chi Chui mo chun kei)	2013	(Adventure,Comedy,Fantasy,Romance,IMAX)
166024	4.75	166024	Whiplash	2013	((no genres listed))
117531	5.0	117531	Watermark	2014	(Documentary)
111913	4.5	111913	Lilting	2014	(Drama)
109971	4.5	109971	Ocho apellidos vascos	2014	(Comedy)
134881	4.333333333333333	134881	Love & Mercy	2014	(Drama)
132333	5.0	132333	Seve	2014	(Documentary,Drama)
113829	5.0	113829	One I Love, The	2014	(Comedy,Drama,Romance)
114265	5.0	114265	Laggies	2014	(Comedy,Romance)
114678	4.25	114678	Hector and the Search for Happiness	2014	(Adventure,Comedy,Drama)
115122	4.833333333333333	115122	What We Do in the Shadows	2014	(Comedy,Horror)
110130	4.333333333333333	110130	Nut Job, The	2014	(Adventure,Animation,Children,Comedy)
115569	4.166666666666667	115569	Nightcrawler	2014	(Crime,Drama,Thriller)
110350	4.5	110350	Free to Play	2014	(Documentary)
115828	4.5	115828	Copenhagen	2014	(Adventure,Drama,Romance)
116797	4.02	116797	The Imitation Game	2014	(Drama,Thriller,War)
116817	4.5	116817	Rudderless	2014	(Comedy,Drama)
111146	4.5	111146	Alpha and Omega 3: The Great Wolf Games	2014	(Action,Adventure,Animation,Children,Comedy)
116897	4.25	116897	Wild Tales	2014	(Comedy,Drama,Thriller)
174053	4.75	174053	Black Mirror: White Christmas	2014	(Drama,Horror,Mystery,Sci-Fi,Thriller)
112552	4.0394736842105265	112552	Whiplash	2014	(Drama)
112852	4.0508474576271185	112852	Guardians of the Galaxy	2014	(Action,Adventure,Sci-Fi)
112421	4.333333333333333	112421	Frank	2014	(Comedy,Drama,Mystery)
138632	5.0	138632	Tokyo Tribe	2014	(Action,Crime,Drama,Sci-Fi)
128099	4.5	128099	Jim Jefferies: BARE	2014	(Comedy)
121231	4.125	121231	It Follows	2014	(Horror)
128914	5.0	128914	Tom Segura: Completely Normal	2014	(Comedy)
128991	4.5	128991	Johnny Express	2014	(Animation,Comedy,Sci-Fi)
120625	4.5	120625	The Fool	2014	(Drama)
118930	4.5	118930	Bill Burr: I'm Sorry You Feel That Way	2014	(Comedy)
112868	4.5	112868	Signal, The	2014	(Sci-Fi,Thriller)
112940	4.5	112940	A Most Wanted Man	2014	(Thriller)
113252	4.25	113252	Housebound	2014	(Comedy,Horror,Thriller)
113275	4.5	113275	The Hundred-Foot Journey	2014	(Comedy,Drama)
120138	5.0	120138	PK	2014	(Comedy,Drama,Fantasy,Mystery,Romance)
124851	5.0	124851	Delirium	2014	(Adventure,Romance,Sci-Fi)
120478	4.333333333333333	120478	The Salt of the Earth	2014	(Documentary)
131023	4.5	131023	That Sugar Film	2014	(Documentary)
112515	4.5	112515	Babadook, The	2014	(Drama,Horror,Thriller)
112334	4.5	112334	Internet's Own Boy: The Story of Aaron Swartz, The	2014	(Documentary)
131920	4.5	131920	The Road Within	2014	(Comedy,Drama)
142550	4.5	142550	Ryuzo and the Seven Henchmen	2015	(Action,Comedy)
140162	4.5	140162	Love	2015	(Drama,Romance)
140715	4.214285714285714	140715	Straight Outta Compton	2015	(Drama)
147410	5.0	147410	A Perfect Day	2015	(Comedy,Drama)
140816	4.5	140816	Tangerine	2015	(Comedy,Drama)
139157	4.5	139157	Massu Engira Maasilamani	2015	(Comedy,Horror,Thriller)
143511	5.0	143511	Human	2015	(Documentary)
143559	5.0	143559	L.A. Slasher	2015	(Comedy,Crime,Fantasy)
127152	4.25	127152	Going Clear: Scientology and the Prison of Belief	2015	(Documentary)
134796	5.0	134796	Bitter Lake	2015	(Documentary)
143896	4.5	143896	How To Change The World	2015	(Documentary)
141718	5.0	141718	Deathgasm	2015	(Comedy,Horror)
171917	4.5	171917	Mystère à la Tour Eiffel	2015	(Drama,Mystery,Thriller)
132496	4.5	132496	Danny Collins	2015	(Comedy,Drama)
130840	4.5	130840	Spring	2015	(Horror,Romance,Sci-Fi)
141928	5.0	141928	Bloodsucking Bastards	2015	(Comedy,Horror)
127098	4.375	127098	Louis C.K.: Live at The Comedy Store	2015	(Comedy)
139640	5.0	139640	Ooops! Noah is Gone...	2015	(Animation)
142422	4.25	142422	The Night Before	2015	(Comedy)
144734	4.5	144734	Freaks of Nature	2015	(Comedy,Horror,Sci-Fi)
133867	4.5	133867	Barely Lethal	2015	(Action,Adventure,Comedy)
148632	4.5	148632	Applesauce	2015	(Comedy)
133802	4.25	133802	Slow West	2015	(Action,Thriller,Western)
144976	4.5	144976	Bone Tomahawk	2015	(Horror,Western)
131724	5.0	131724	The Jinx: The Life and Deaths of Robert Durst	2015	(Documentary)
127212	4.5	127212	The Stanford Prison Experiment	2015	(Drama,Thriller)
148881	4.5	148881	World of Tomorrow	2015	(Animation,Comedy)
149350	5.0	149350	Lumberjack Man	2015	(Comedy,Horror)
146684	5.0	146684	Cosmic Scrat-tastrophe	2015	(Animation,Children,Comedy)
142444	5.0	142444	The Editor	2015	(Comedy,Horror,Mystery)
140627	5.0	140627	Battle For Sevastopol	2015	(Drama,Romance,War)
142488	4.157894736842105	142488	Spotlight	2015	(Thriller)
150596	4.25	150596	Doctor Who: The Husbands of River Song	2015	(Comedy,Drama,Sci-Fi)
150696	4.5	150696	Tomorrow	2015	(Documentary)
127116	4.5	127116	Experimenter	2015	(Drama)
132153	5.0	132153	Buzzard	2015	(Comedy,Drama,Horror)
165671	4.5	165671	Ice Guardians	2016	(Documentary)
149830	4.5	149830	Pride and Prejudice and Zombies	2016	(Comedy,Horror,Romance,Thriller)
152970	4.375	152970	Hunt for the Wilderpeople	2016	(Adventure,Comedy)
156025	5.0	156025	Ice Age: The Great Egg-Scapade	2016	(Adventure,Animation,Children,Comedy)
156371	4.166666666666667	156371	Everybody Wants Some	2016	(Comedy)
158027	5.0	158027	SORI: Voice from the Heart	2016	(Drama,Sci-Fi)
158882	5.0	158882	All Yours	2016	(Comedy,Drama,Romance)
158966	4.5	158966	Captain Fantastic	2016	(Drama)
159161	4.5	159161	Ali Wong: Baby Cobra	2016	((no genres listed))
159976	4.5	159976	Pelé: Birth of a Legend	2016	(Drama)
160289	4.5	160289	O.J.: Made in America	2016	(Documentary)
160644	5.0	160644	Indignation	2016	(Drama)
160718	4.5	160718	Piper	2016	(Animation)
160848	4.5	160848	The Red Turtle	2016	(Animation)
161024	4.5	161024	Jim Jefferies: Freedumb	2016	(Comedy)
162344	5.0	162344	Tom Segura: Mostly Stories	2016	(Comedy)
162602	4.5	162602	The Girl on the Train	2016	(Thriller)
163985	4.5	163985	ARQ	2016	(Sci-Fi,Thriller)
164226	4.5	164226	Maximum Ride	2016	(Action,Adventure,Comedy,Fantasy,Sci-Fi,Thriller)
164367	5.0	164367	The Girl with All the Gifts	2016	(Drama,Horror,Sci-Fi,Thriller)
164917	4.5	164917	13th	2016	(Documentary)
165551	4.5	165551	Lion	2016	(Drama)
166568	4.5	166568	Miss Sloane	2016	(Thriller)
166946	4.25	166946	The Founder	2016	(Drama)
167854	4.5	167854	Dana Carvey: Straight White Male, 60	2016	(Comedy)
169034	4.5	169034	Lemonade	2016	((no genres listed))
171011	4.2	171011	Planet Earth II	2016	(Documentary)
173317	4.5	173317	Shadow World	2016	(Documentary)
174909	4.5	174909	Logan Lucky	2017	(Comedy)
176751	4.5	176751	American Made	2017	(Crime,Thriller)
177185	4.5	177185	Maz Jobrani: Immigrant	2017	(Comedy)
177593	4.75	177593	Three Billboards Outside Ebbing, Missouri	2017	(Crime,Drama)
177939	4.5	177939	The Night Is Short, Walk on Girl	2017	(Animation,Romance)
173925	4.25	173925	Seven Sisters	2017	(Sci-Fi,Thriller)
173235	4.5	173235	Tokyo Idols	2017	(Documentary)
173197	4.25	173197	The Square	2017	(Drama)
178827	4.25	178827	Paddington 2	2017	(Adventure,Animation,Children,Comedy)
191005	4.5	191005	Gintama	2017	(Action,Adventure,Comedy,Sci-Fi)
172705	5.0	172705	Tickling Giants	2017	(Documentary)
171763	4.333333333333333	171763	Baby Driver	2017	(Action,Crime,Thriller)
170697	4.125	170697	Gifted	2017	(Drama)
168846	4.5	168846	Neal Brennan: 3 Mics	2017	(Comedy)
168252	4.28	168252	Logan	2017	(Action,Sci-Fi)
179133	5.0	179133	Loving Vincent	2017	(Animation,Crime,Drama)
179135	5.0	179135	Blue Planet II	2017	(Documentary)
168248	4.142857142857143	168248	John Wick: Chapter Two	2017	(Action,Crime,Thriller)
180265	4.5	180265	Jim & Andy: The Great Beyond	2017	(Documentary)
168218	4.5	168218	Kizumonogatari III: Cold Blood	2017	(Animation,Fantasy,Mystery)
180497	4.25	180497	The Post	2017	(Drama,Thriller)
167634	4.5	167634	Fist Fight	2017	(Comedy)
167380	4.5	167380	A Dog's Purpose	2017	(Comedy,Drama)
167064	5.0	167064	I Am Not Your Negro	2017	(Documentary)
181413	4.5	181413	Too Funny to Fail: The Life and Death of The Dana Carvey Show	2017	((no genres listed))
122916	4.025	122916	Thor: Ragnarok	2017	(Action,Adventure,Sci-Fi)
122926	4.15625	122926	Untitled Spider-Man Reboot	2017	(Action,Adventure,Fantasy)
185031	4.5	185031	Alpha	2018	(Adventure,Thriller)
183959	4.5	183959	Tom Segura: Disgraceful	2018	(Comedy)
187717	5.0	187717	Won't You Be My Neighbor?	2018	(Documentary)
188833	4.5	188833	The Man Who Killed Don Quixote	2018	(Adventure,Comedy,Fantasy)
188189	4.5	188189	Sorry to Bother You	2018	(Comedy,Fantasy,Sci-Fi)
188751	4.5	188751	Mamma Mia: Here We Go Again!	2018	(Comedy,Romance)
